scope,year,n_sets,dec_median,fec_median,dec_p25,dec_p75
Brasil,2022,3109,9.73410157,4.85138667,5.72291529,17.40610893
Brasil,2023,3113,9.51173907,4.67917565,5.91440305,15.92362316
Brasil,2024,3128,9.29014280,4.46974641,5.67017476,15.55621832
Brasil,2025,3012,8.81532881,4.38221480,5.57762747,14.49541658
São Paulo,2022,606,5.54341863,3.25148687,4.19479717,7.30957044
São Paulo,2023,606,5.75940680,3.17217488,4.30700950,7.39422404
São Paulo,2024,610,5.27867819,2.97846800,3.99232732,6.76996481
São Paulo,2025,481,5.12802413,2.91881879,3.96995632,6.52566738
RMC,2022,56,4.80024848,3.36555360,3.75968165,6.02556996
RMC,2023,56,4.60725303,2.85820704,3.60020416,5.83385506
RMC,2024,56,4.32600020,2.83384293,3.54841350,5.39053937
RMC,2025,53,4.33576258,2.67810034,3.51158016,5.18146113
