DatGeracaoConjuntoDados,set_id,municipality_id,municipality,state
2026-09-09,637,3501608,Americana,SP
2026-09-09,682,3533403,Nova Odessa,SP
2026-09-09,964,3537107,Pedreira,SP
2026-09-09,1178,3503802,Artur Nogueira,SP
2026-09-09,1178,3515152,Engenheiro Coelho,SP
2026-09-09,1339,3545803,Santa Bárbara D'Oeste,SP
2026-09-09,1581,3514908,Elias Fausto,SP
2026-09-09,1581,3531803,Monte Mor,SP
2026-09-09,1863,3519071,Hortolândia,SP
2026-09-09,1863,3552403,Sumaré,SP
2026-09-09,2536,3548005,Santo Antônio de Posse,SP
2026-09-09,2907,3532009,Morungaba,SP
2026-09-09,2922,3524709,Jaguariúna,SP
2026-09-09,3203,3523404,Itatiba,SP
2026-09-09,3341,3509502,Campinas,SP
2026-09-09,3946,3536505,Paulínia,SP
2026-09-09,4131,3556206,Valinhos,SP
2026-09-09,4138,3509502,Campinas,SP
2026-09-09,4641,3509502,Campinas,SP
2026-09-09,4725,3512803,Cosmópolis,SP
2026-09-09,5256,3520509,Indaiatuba,SP
2026-09-09,5259,3509601,Campo Limpo Paulista,SP
2026-09-09,5259,3524006,Itupeva,SP
2026-09-09,5259,3525904,Jundiaí,SP
2026-09-09,5259,3527306,Louveira,SP
2026-09-09,5259,3556503,Várzea Paulista,SP
2026-09-09,5259,3556701,Vinhedo,SP
2026-09-09,7239,3503802,Artur Nogueira,SP
2026-09-09,7239,3515152,Engenheiro Coelho,SP
2026-09-09,7240,3503802,Artur Nogueira,SP
2026-09-09,7240,3515152,Engenheiro Coelho,SP
2026-09-09,7241,3548005,Santo Antônio de Posse,SP
2026-09-09,7242,3548005,Santo Antônio de Posse,SP
2026-09-09,8781,3509502,Campinas,SP
2026-09-09,8781,3523404,Itatiba,SP
2026-09-09,8781,3532009,Morungaba,SP
2026-09-09,8781,3556206,Valinhos,SP
2026-09-09,8782,3514908,Elias Fausto,SP
2026-09-09,8782,3519071,Hortolândia,SP
2026-09-09,8782,3531803,Monte Mor,SP
2026-09-09,8782,3552403,Sumaré,SP
2026-09-09,8783,3510401,Capivari,SP
2026-09-09,8783,3530904,Mombuca,SP
2026-09-09,8783,3542107,Rafard,SP
2026-09-09,8783,3544004,Rio das Pedras,SP
2026-09-09,8783,3545803,Santa Bárbara D'Oeste,SP
2026-09-09,8784,3509502,Campinas,SP
2026-09-09,8784,3512803,Cosmópolis,SP
2026-09-09,8784,3536505,Paulínia,SP
2026-09-09,8785,3501608,Americana,SP
2026-09-09,8785,3533403,Nova Odessa,SP
2026-09-09,8816,3509502,Campinas,SP
2026-09-09,8817,3509502,Campinas,SP
2026-09-09,10566,3520509,Indaiatuba,SP
2026-09-09,10575,3524006,Itupeva,SP
2026-09-09,10575,3527306,Louveira,SP
2026-09-09,10575,3556701,Vinhedo,SP
2026-09-09,11170,3520509,Indaiatuba,SP
2026-09-09,11182,3524006,Itupeva,SP
2026-09-09,11182,3527306,Louveira,SP
2026-09-09,11182,3556701,Vinhedo,SP
2026-09-09,11460,3548005,Santo Antônio de Posse,SP
2026-09-09,11461,3503802,Artur Nogueira,SP
2026-09-09,11461,3515152,Engenheiro Coelho,SP
2026-09-09,13457,3503307,Araras,SP
2026-09-09,13457,3503802,Artur Nogueira,SP
2026-09-09,13457,3512209,Conchal,SP
2026-09-09,13457,3515152,Engenheiro Coelho,SP
2026-09-09,13457,3526902,Limeira,SP
2026-09-09,13457,3530805,Mogi Mirim,SP
2026-09-09,13491,3520509,Indaiatuba,SP
2026-09-09,13491,3523909,Itu,SP
2026-09-09,13491,3524006,Itupeva,SP
2026-09-09,13493,3520509,Indaiatuba,SP
2026-09-09,13493,3545209,Salto,SP
2026-09-09,13497,3520509,Indaiatuba,SP
2026-09-09,13497,3524006,Itupeva,SP
2026-09-09,13497,3525904,Jundiaí,SP
2026-09-09,13503,3525904,Jundiaí,SP
2026-09-09,13503,3527306,Louveira,SP
2026-09-09,13503,3556701,Vinhedo,SP
2026-09-09,13540,3512209,Conchal,SP
2026-09-09,13540,3530805,Mogi Mirim,SP
2026-09-09,13540,3548005,Santo Antônio de Posse,SP
2026-09-09,13543,3520509,Indaiatuba,SP
2026-09-09,13543,3523909,Itu,SP
2026-09-09,13543,3545209,Salto,SP
2026-09-09,13561,3556701,Vinhedo,SP
2026-09-09,13563,3524006,Itupeva,SP
2026-09-09,13563,3525904,Jundiaí,SP
2026-09-09,13563,3527306,Louveira,SP
2026-09-09,13563,3556701,Vinhedo,SP
2026-09-09,13586,3530805,Mogi Mirim,SP
2026-09-09,13586,3548005,Santo Antônio de Posse,SP
2026-09-09,13793,3501608,Americana,SP
2026-09-09,13793,3533403,Nova Odessa,SP
2026-09-09,13793,3552403,Sumaré,SP
2026-09-09,13796,3523404,Itatiba,SP
2026-09-09,13796,3532009,Morungaba,SP
2026-09-09,13796,3556206,Valinhos,SP
2026-09-09,13797,3523404,Itatiba,SP
2026-09-09,13798,3509502,Campinas,SP
2026-09-09,13798,3556206,Valinhos,SP
2026-09-09,13799,3501905,Amparo,SP
2026-09-09,13799,3509502,Campinas,SP
2026-09-09,13799,3523404,Itatiba,SP
2026-09-09,13799,3532009,Morungaba,SP
2026-09-09,13799,3556206,Valinhos,SP
2026-09-09,13800,3509502,Campinas,SP
2026-09-09,13801,3509502,Campinas,SP
2026-09-09,13801,3556206,Valinhos,SP
2026-09-09,13802,3509502,Campinas,SP
2026-09-09,13802,3523404,Itatiba,SP
2026-09-09,13802,3556206,Valinhos,SP
2026-09-09,13803,3509502,Campinas,SP
2026-09-09,13803,3556206,Valinhos,SP
2026-09-09,13804,3509502,Campinas,SP
2026-09-09,13804,3556206,Valinhos,SP
2026-09-09,13805,3509502,Campinas,SP
2026-09-09,13805,3556206,Valinhos,SP
2026-09-09,13806,3509502,Campinas,SP
2026-09-09,13806,3556206,Valinhos,SP
2026-09-09,13807,3509502,Campinas,SP
2026-09-09,13808,3509502,Campinas,SP
2026-09-09,13809,3509502,Campinas,SP
2026-09-09,13810,3509502,Campinas,SP
2026-09-09,13811,3509502,Campinas,SP
2026-09-09,13811,3519071,Hortolândia,SP
2026-09-09,13812,3509502,Campinas,SP
2026-09-09,13813,3509502,Campinas,SP
2026-09-09,13813,3531803,Monte Mor,SP
2026-09-09,13814,3509502,Campinas,SP
2026-09-09,13814,3531803,Monte Mor,SP
2026-09-09,13815,3509502,Campinas,SP
2026-09-09,13816,3509502,Campinas,SP
2026-09-09,13816,3536505,Paulínia,SP
2026-09-09,13817,3509502,Campinas,SP
2026-09-09,13817,3536505,Paulínia,SP
2026-09-09,13818,3509502,Campinas,SP
2026-09-09,13818,3536505,Paulínia,SP
2026-09-09,13819,3501608,Americana,SP
2026-09-09,13819,3512803,Cosmópolis,SP
2026-09-09,13819,3536505,Paulínia,SP
2026-09-09,13820,3512803,Cosmópolis,SP
2026-09-09,13821,3501608,Americana,SP
2026-09-09,13821,3512803,Cosmópolis,SP
2026-09-09,13822,3501608,Americana,SP
2026-09-09,13823,3501608,Americana,SP
2026-09-09,13823,3533403,Nova Odessa,SP
2026-09-09,13824,3533403,Nova Odessa,SP
2026-09-09,13824,3552403,Sumaré,SP
2026-09-09,13825,3501608,Americana,SP
2026-09-09,13825,3545803,Santa Bárbara D'Oeste,SP
2026-09-09,13826,3501608,Americana,SP
2026-09-09,13826,3545803,Santa Bárbara D'Oeste,SP
2026-09-09,13827,3501608,Americana,SP
2026-09-09,13827,3545803,Santa Bárbara D'Oeste,SP
2026-09-09,13828,3545803,Santa Bárbara D'Oeste,SP
2026-09-09,13829,3544004,Rio das Pedras,SP
2026-09-09,13829,3545803,Santa Bárbara D'Oeste,SP
2026-09-09,13829,3552403,Sumaré,SP
2026-09-09,13830,3519071,Hortolândia,SP
2026-09-09,13830,3533403,Nova Odessa,SP
2026-09-09,13830,3552403,Sumaré,SP
2026-09-09,13831,3519071,Hortolândia,SP
2026-09-09,13831,3533403,Nova Odessa,SP
2026-09-09,13831,3536505,Paulínia,SP
2026-09-09,13831,3552403,Sumaré,SP
2026-09-09,13832,3531803,Monte Mor,SP
2026-09-09,13832,3533403,Nova Odessa,SP
2026-09-09,13832,3552403,Sumaré,SP
2026-09-09,13833,3509502,Campinas,SP
2026-09-09,13833,3536505,Paulínia,SP
2026-09-09,13833,3552403,Sumaré,SP
2026-09-09,13834,3519071,Hortolândia,SP
2026-09-09,13834,3552403,Sumaré,SP
2026-09-09,13835,3509502,Campinas,SP
2026-09-09,13835,3519071,Hortolândia,SP
2026-09-09,13835,3552403,Sumaré,SP
2026-09-09,13836,3509502,Campinas,SP
2026-09-09,13836,3519071,Hortolândia,SP
2026-09-09,13836,3531803,Monte Mor,SP
2026-09-09,13836,3552403,Sumaré,SP
2026-09-09,13837,3509502,Campinas,SP
2026-09-09,13837,3519071,Hortolândia,SP
2026-09-09,13838,3509502,Campinas,SP
2026-09-09,13838,3510401,Capivari,SP
2026-09-09,13838,3531803,Monte Mor,SP
2026-09-09,13838,3552403,Sumaré,SP
2026-09-09,13839,3510401,Capivari,SP
2026-09-09,13839,3514908,Elias Fausto,SP
2026-09-09,13839,3531803,Monte Mor,SP
2026-09-09,13840,3510401,Capivari,SP
2026-09-09,13840,3514908,Elias Fausto,SP
2026-09-09,13840,3530904,Mombuca,SP
2026-09-09,13840,3542107,Rafard,SP
2026-09-09,13840,3544004,Rio das Pedras,SP
2026-09-09,13840,3545803,Santa Bárbara D'Oeste,SP
2026-09-09,13841,3510401,Capivari,SP
2026-09-09,13841,3530904,Mombuca,SP
2026-09-09,13841,3544004,Rio das Pedras,SP
2026-09-09,13841,3545803,Santa Bárbara D'Oeste,SP
2026-09-09,13843,3538709,Piracicaba,SP
2026-09-09,13843,3544004,Rio das Pedras,SP
2026-09-09,13843,3545803,Santa Bárbara D'Oeste,SP
2026-09-09,15876,3520509,Indaiatuba,SP
2026-09-09,15876,3523909,Itu,SP
2026-09-09,15876,3524006,Itupeva,SP
2026-09-09,15876,3545209,Salto,SP
2026-09-09,15877,3520509,Indaiatuba,SP
2026-09-09,15877,3523909,Itu,SP
2026-09-09,15877,3540606,Porto Feliz,SP
2026-09-09,15877,3545209,Salto,SP
2026-09-09,15878,3520509,Indaiatuba,SP
2026-09-09,15878,3545209,Salto,SP
2026-09-09,16433,3501608,Americana,SP
2026-09-09,16433,3533403,Nova Odessa,SP
2026-09-09,16433,3545803,Santa Bárbara D'Oeste,SP
2026-09-09,16434,3501905,Amparo,SP
2026-09-09,16434,3522604,Itapira,SP
2026-09-09,16434,3531209,Monte Alegre do Sul,SP
2026-09-09,16434,3532009,Morungaba,SP
2026-09-09,16434,3551603,Serra Negra,SP
2026-09-09,16434,3552106,Socorro,SP
2026-09-09,16440,3509502,Campinas,SP
2026-09-09,16440,3556206,Valinhos,SP
2026-09-09,16441,3509502,Campinas,SP
2026-09-09,16441,3536505,Paulínia,SP
2026-09-09,16452,3510401,Capivari,SP
2026-09-09,16452,3514908,Elias Fausto,SP
2026-09-09,16452,3531803,Monte Mor,SP
2026-09-09,16452,3552403,Sumaré,SP
2026-09-09,16461,3501608,Americana,SP
2026-09-09,16461,3545803,Santa Bárbara D'Oeste,SP
2026-09-09,16464,3509502,Campinas,SP
2026-09-09,16464,3556206,Valinhos,SP
2026-09-09,16665,3520509,Indaiatuba,SP
2026-09-09,16665,3523909,Itu,SP
2026-09-09,16665,3524006,Itupeva,SP
2026-09-09,16665,3545209,Salto,SP
2026-09-09,16722,3500303,Aguaí,SP
2026-09-09,16722,3503802,Artur Nogueira,SP
2026-09-09,16722,3512209,Conchal,SP
2026-09-09,16722,3512803,Cosmópolis,SP
2026-09-09,16722,3515152,Engenheiro Coelho,SP
2026-09-09,16722,3515186,Espírito Santo do Pinhal,SP
2026-09-09,16722,3519055,Holambra,SP
2026-09-09,16722,3522604,Itapira,SP
2026-09-09,16722,3524709,Jaguariúna,SP
2026-09-09,16722,3530706,Mogi Guaçu,SP
2026-09-09,16722,3530805,Mogi Mirim,SP
2026-09-09,16722,3548005,Santo Antônio de Posse,SP
2026-09-09,16722,3557303,Estiva Gerbi,SP
