municipality_id,income_mean,income_median,income_population,municipality,income_year,low_income_pct
1,1638.06000000,1000.00000000,202044547.00000000,Brasil,2022,31.78108489
35,2093.44000000,1250.17000000,44115756.00000000,São Paulo,2022,20.20785499
3501608,2358.27000000,1666.67000000,236512.00000000,Americana,2022,9.83840143
3503802,1649.80000000,1237.33000000,51436.00000000,Artur Nogueira,2022,17.10475154
3509502,2678.60000000,1500.00000000,1134305.00000000,Campinas,2022,16.25726767
3512803,1614.71000000,1250.00000000,59656.00000000,Cosmópolis,2022,19.36100308
3515152,1609.27000000,1175.00000000,19438.00000000,Engenheiro Coelho,2022,18.05741331
3519055,2545.63000000,1633.33000000,15052.00000000,Holambra,2022,7.91921339
3519071,1619.28000000,1233.33000000,232197.00000000,Hortolândia,2022,19.59284573
3520509,2601.91000000,1666.67000000,254975.00000000,Indaiatuba,2022,12.67614472
3523404,2282.10000000,1550.00000000,121127.00000000,Itatiba,2022,11.41116349
3524709,2045.01000000,1433.33000000,59131.00000000,Jaguariúna,2022,18.34739815
3531803,1367.63000000,1062.75000000,64614.00000000,Monte Mor,2022,23.44383570
3532009,1680.58000000,1250.00000000,13568.00000000,Morungaba,2022,16.16303066
3533403,1934.32000000,1500.00000000,61927.00000000,Nova Odessa,2022,13.71130525
3536505,2680.07000000,1750.00000000,110102.00000000,Paulínia,2022,12.02975423
3537107,1769.50000000,1366.67000000,43033.00000000,Pedreira,2022,11.90946483
3545803,1877.28000000,1500.00000000,182999.00000000,Santa Bárbara d'Oeste,2022,11.02847557
3548005,1423.41000000,1200.00000000,23189.00000000,Santo Antônio de Posse,2022,16.93906594
3552403,1586.30000000,1200.00000000,279322.00000000,Sumaré,2022,20.26227794
3556206,3127.28000000,1975.00000000,125975.00000000,Valinhos,2022,8.51835682
3556701,3247.77000000,1856.00000000,76246.00000000,Vinhedo,2022,8.36502899
