municipality_id,year,n_sets,n_shared,dec_median,dec_min,dec_max,fec_median,fec_min,fec_max,dec_simple_median,dec_limit_ratio_median,income_mean,income_median,income_population,municipality,income_year,low_income_pct,n_sets_observed,n_sets_complete,set_coverage_pct
3501608,2022,7,6,3.27859456,2.25168643,5.01703404,2.50296947,1.74210425,4.25416991,3.28000000,0.57668287,2358.27000000,1666.67000000,236512.00000000,Americana,2022,9.83840143,7,7,100.00000000
3501608,2023,7,6,3.23130598,2.35977210,5.82418498,2.86984638,1.89141311,4.07367768,3.23000000,0.58189020,2358.27000000,1666.67000000,236512.00000000,Americana,2022,9.83840143,7,7,100.00000000
3501608,2024,7,6,2.94150785,2.24147933,5.12424874,2.05026174,1.58011993,3.52574929,2.94000000,0.53836334,2358.27000000,1666.67000000,236512.00000000,Americana,2022,9.83840143,7,7,100.00000000
3501608,2025,7,6,2.97028558,2.27839784,4.51842518,1.80981232,1.39201474,2.97523467,2.97000000,0.59405712,2358.27000000,1666.67000000,236512.00000000,Americana,2022,9.83840143,7,7,100.00000000
3503802,2022,2,2,8.30364501,5.99438612,10.61290390,5.42826055,3.50402055,7.35250056,8.29500000,0.99906435,1649.80000000,1237.33000000,51436.00000000,Artur Nogueira,2022,17.10475154,2,2,100.00000000
3503802,2023,2,2,11.20811350,5.56783695,16.84839006,5.36337696,2.84656769,7.88018623,11.17000000,0.92797282,1649.80000000,1237.33000000,51436.00000000,Artur Nogueira,2022,17.10475154,2,2,100.00000000
3503802,2024,2,2,6.65622650,5.32101877,7.99143424,4.23558536,3.80375410,4.66741663,6.65000000,0.84298994,1649.80000000,1237.33000000,51436.00000000,Artur Nogueira,2022,17.10475154,2,2,100.00000000
3503802,2025,1,1,7.79271114,7.79271114,7.79271114,4.70975230,4.70975230,4.70975230,7.80000000,0.77927111,1649.80000000,1237.33000000,51436.00000000,Artur Nogueira,2022,17.10475154,2,1,50.00000000
3509502,2022,22,16,4.68045229,1.55998749,11.26675719,3.45576817,0.95974764,5.66181530,4.68000000,0.69303015,2678.60000000,1500.00000000,1134305.00000000,Campinas,2022,16.25726767,22,22,100.00000000
3509502,2023,22,16,3.98578678,1.76084737,10.10488846,2.58403383,0.99103661,4.09536637,3.98500000,0.66344961,2678.60000000,1500.00000000,1134305.00000000,Campinas,2022,16.25726767,22,22,100.00000000
3509502,2024,22,16,3.88700014,2.15346218,10.85432603,2.46622294,1.13576627,4.35486985,3.88500000,0.62542642,2678.60000000,1500.00000000,1134305.00000000,Campinas,2022,16.25726767,22,22,100.00000000
3509502,2025,22,16,3.92489250,1.51992181,7.63945288,2.51389420,0.63992140,3.88677749,3.92500000,0.65414875,2678.60000000,1500.00000000,1134305.00000000,Campinas,2022,16.25726767,22,22,100.00000000
3512803,2022,4,3,5.27914127,3.46009719,10.61290390,3.84468744,2.73960638,7.35250056,5.29000000,0.71671915,1614.71000000,1250.00000000,59656.00000000,Cosmópolis,2022,19.36100308,4,4,100.00000000
3512803,2023,4,3,5.69898849,3.67292079,16.84839006,4.02433394,2.89845371,7.88018623,5.70000000,0.79625600,1614.71000000,1250.00000000,59656.00000000,Cosmópolis,2022,19.36100308,4,4,100.00000000
3512803,2024,4,3,4.17721439,2.81096166,7.99143424,2.69959279,1.45025052,4.66741663,4.18500000,0.66875338,1614.71000000,1250.00000000,59656.00000000,Cosmópolis,2022,19.36100308,4,4,100.00000000
3512803,2025,4,3,4.26560223,2.74879901,7.79271114,2.87344461,1.75044561,4.70975230,4.26000000,0.66316252,1614.71000000,1250.00000000,59656.00000000,Cosmópolis,2022,19.36100308,4,4,100.00000000
3515152,2022,2,2,8.30364501,5.99438612,10.61290390,5.42826055,3.50402055,7.35250056,8.29500000,0.99906435,1609.27000000,1175.00000000,19438.00000000,Engenheiro Coelho,2022,18.05741331,2,2,100.00000000
3515152,2023,2,2,11.20811350,5.56783695,16.84839006,5.36337696,2.84656769,7.88018623,11.17000000,0.92797282,1609.27000000,1175.00000000,19438.00000000,Engenheiro Coelho,2022,18.05741331,2,2,100.00000000
3515152,2024,2,2,6.65622650,5.32101877,7.99143424,4.23558536,3.80375410,4.66741663,6.65000000,0.84298994,1609.27000000,1175.00000000,19438.00000000,Engenheiro Coelho,2022,18.05741331,2,2,100.00000000
3515152,2025,1,1,7.79271114,7.79271114,7.79271114,4.70975230,4.70975230,4.70975230,7.80000000,0.77927111,1609.27000000,1175.00000000,19438.00000000,Engenheiro Coelho,2022,18.05741331,2,1,50.00000000
3519055,2022,1,1,10.61290390,10.61290390,10.61290390,7.35250056,7.35250056,7.35250056,10.59000000,,2545.63000000,1633.33000000,15052.00000000,Holambra,2022,7.91921339,1,1,100.00000000
3519055,2023,1,1,16.84839006,16.84839006,16.84839006,7.88018623,7.88018623,7.88018623,16.77000000,,2545.63000000,1633.33000000,15052.00000000,Holambra,2022,7.91921339,1,1,100.00000000
3519055,2024,1,1,7.99143424,7.99143424,7.99143424,4.66741663,4.66741663,4.66741663,7.98000000,0.79914342,2545.63000000,1633.33000000,15052.00000000,Holambra,2022,7.91921339,1,1,100.00000000
3519055,2025,1,1,7.79271114,7.79271114,7.79271114,4.70975230,4.70975230,4.70975230,7.80000000,0.77927111,2545.63000000,1633.33000000,15052.00000000,Holambra,2022,7.91921339,1,1,100.00000000
3519071,2022,7,7,4.40638450,3.83633709,5.13007656,4.07306585,3.22086308,4.95410783,4.41000000,0.62948350,1619.28000000,1233.33000000,232197.00000000,Hortolândia,2022,19.59284573,7,7,100.00000000
3519071,2023,7,7,3.71449050,3.19987645,5.40789002,2.38046410,2.10963701,3.40998638,3.71000000,0.60604955,1619.28000000,1233.33000000,232197.00000000,Hortolândia,2022,19.59284573,7,7,100.00000000
3519071,2024,7,7,3.56717319,2.17704111,3.70602993,2.25087637,1.85890887,2.92529265,3.57000000,0.52020306,1619.28000000,1233.33000000,232197.00000000,Hortolândia,2022,19.59284573,7,7,100.00000000
3519071,2025,7,7,3.35038430,2.41793069,5.06417137,2.41100801,1.74798635,3.88677749,3.35000000,0.55839738,1619.28000000,1233.33000000,232197.00000000,Hortolândia,2022,19.59284573,7,7,100.00000000
3520509,2022,4,4,6.22725717,5.08489599,6.98885783,5.22982317,4.92556402,5.44857311,6.23500000,0.95951445,2601.91000000,1666.67000000,254975.00000000,Indaiatuba,2022,12.67614472,4,4,100.00000000
3520509,2023,4,4,5.01727060,4.48789020,6.79796081,3.81726762,3.45686979,4.35138156,5.02500000,0.83621177,2601.91000000,1666.67000000,254975.00000000,Indaiatuba,2022,12.67614472,4,4,100.00000000
3520509,2024,4,4,4.93860965,3.99144173,5.81389354,3.73512569,3.29163429,4.27636418,4.95000000,0.79169962,2601.91000000,1666.67000000,254975.00000000,Indaiatuba,2022,12.67614472,4,4,100.00000000
3520509,2025,4,4,5.01289649,3.63374184,6.75419464,4.22571188,3.68950888,4.70362913,5.01500000,0.83548275,2601.91000000,1666.67000000,254975.00000000,Indaiatuba,2022,12.67614472,4,4,100.00000000
3523404,2022,4,3,6.67718732,4.56502204,11.26675719,4.26531250,3.43677975,5.27501747,6.69000000,0.96103029,2282.10000000,1550.00000000,121127.00000000,Itatiba,2022,11.41116349,4,4,100.00000000
3523404,2023,4,3,7.30272051,5.02437760,10.10488846,3.67362140,3.48108387,3.91901041,7.30000000,1.01862480,2282.10000000,1550.00000000,121127.00000000,Itatiba,2022,11.41116349,4,4,100.00000000
3523404,2024,4,3,5.99660517,5.06960878,10.85432603,3.99921332,3.13858344,4.35486985,6.00000000,0.95267819,2282.10000000,1550.00000000,121127.00000000,Itatiba,2022,11.41116349,4,4,100.00000000
3523404,2025,4,3,5.32801528,3.75825985,7.63945288,3.23451949,2.03919960,3.78872240,5.33000000,0.78346816,2282.10000000,1550.00000000,121127.00000000,Itatiba,2022,11.41116349,4,4,100.00000000
3524709,2022,2,1,7.72052051,4.82813712,10.61290390,5.19630804,3.04011552,7.35250056,7.71000000,0.68973387,2045.01000000,1433.33000000,59131.00000000,Jaguariúna,2022,18.34739815,2,2,100.00000000
3524709,2023,2,1,10.33319416,3.81799826,16.84839006,5.10716442,2.33414260,7.88018623,10.29500000,0.63633304,2045.01000000,1433.33000000,59131.00000000,Jaguariúna,2022,18.34739815,2,2,100.00000000
3524709,2024,2,1,5.76674886,3.54206348,7.99143424,3.58243653,2.49745644,4.66741663,5.76500000,0.69474367,2045.01000000,1433.33000000,59131.00000000,Jaguariúna,2022,18.34739815,2,2,100.00000000
3524709,2025,2,1,6.23123833,4.66976551,7.79271114,3.81817953,2.92660676,4.70975230,6.23500000,0.77878268,2045.01000000,1433.33000000,59131.00000000,Jaguariúna,2022,18.34739815,2,2,100.00000000
3531803,2022,5,5,5.13007656,3.45932209,6.76522880,3.76233258,2.42829203,4.95410783,5.15000000,0.68464656,1367.63000000,1062.75000000,64614.00000000,Monte Mor,2022,23.44383570,5,5,100.00000000
3531803,2023,5,5,4.93886253,3.74181146,6.03517231,2.63894970,2.10963701,3.81803812,4.94000000,0.70555179,1367.63000000,1062.75000000,64614.00000000,Monte Mor,2022,23.44383570,5,5,100.00000000
3531803,2024,5,5,4.73394302,2.97197228,5.67056520,2.13944816,1.68093839,3.47671640,4.73000000,0.61285436,1367.63000000,1062.75000000,64614.00000000,Monte Mor,2022,23.44383570,5,5,100.00000000
3531803,2025,5,5,5.18146113,4.28825122,5.74847438,3.17171865,2.67810034,3.88677749,5.18000000,0.74020873,1367.63000000,1062.75000000,64614.00000000,Monte Mor,2022,23.44383570,5,5,100.00000000
3532009,2022,3,3,6.52973988,6.47222566,11.26675719,3.85771514,3.43677975,5.27501747,6.53000000,0.93889643,1680.58000000,1250.00000000,13568.00000000,Morungaba,2022,16.16303066,3,3,100.00000000
3532009,2023,3,3,7.89370079,5.93918178,10.10488846,3.57958301,3.38982459,3.91901041,7.89000000,0.98986363,1680.58000000,1250.00000000,13568.00000000,Morungaba,2022,16.16303066,3,3,100.00000000
3532009,2024,3,3,6.48161358,5.86844243,10.85432603,3.95631302,3.14824632,4.35486985,6.48000000,0.98675691,1680.58000000,1250.00000000,13568.00000000,Morungaba,2022,16.16303066,3,3,100.00000000
3532009,2025,3,3,5.42138690,5.26162122,7.63945288,3.28379451,2.62262168,3.78872240,5.42000000,0.87693687,1680.58000000,1250.00000000,13568.00000000,Morungaba,2022,16.16303066,3,3,100.00000000
3533403,2022,6,6,3.76298107,2.52009588,4.19364420,2.76974720,2.21962313,4.14621032,3.76500000,0.57727426,1934.32000000,1500.00000000,61927.00000000,Nova Odessa,2022,13.71130525,6,6,100.00000000
3533403,2023,6,6,3.67283400,2.81984336,5.12203940,2.39678875,1.92930346,3.18994660,3.67500000,0.58500911,1934.32000000,1500.00000000,61927.00000000,Nova Odessa,2022,13.71130525,6,6,100.00000000
3533403,2024,6,6,3.15225408,2.17704111,4.68579732,2.10920705,1.68093839,2.77285378,3.15000000,0.52537568,1934.32000000,1500.00000000,61927.00000000,Nova Odessa,2022,13.71130525,6,6,100.00000000
3533403,2025,6,6,3.55399893,2.41793069,4.51330360,2.24490373,1.74798635,2.68894162,3.55500000,0.65153228,1934.32000000,1500.00000000,61927.00000000,Nova Odessa,2022,13.71130525,6,6,100.00000000
3536505,2022,6,6,5.03999015,1.86888419,7.93205952,3.39762799,1.51791878,4.25416991,5.05000000,0.71999859,2680.07000000,1750.00000000,110102.00000000,Paulínia,2022,12.02975423,6,6,100.00000000
3536505,2023,6,6,3.71620721,2.63462568,6.06310656,2.71291779,1.41511168,4.09536637,3.71500000,0.61936787,2680.07000000,1750.00000000,110102.00000000,Paulínia,2022,12.02975423,6,6,100.00000000
3536505,2024,6,6,4.34890679,2.17704111,6.06651006,3.27367190,1.92921385,3.52574929,4.35000000,0.72481780,2680.07000000,1750.00000000,110102.00000000,Paulínia,2022,12.02975423,6,6,100.00000000
3536505,2025,6,6,3.03964992,1.97391404,6.44926904,2.29486615,1.01781543,3.13164380,3.04000000,0.50660832,2680.07000000,1750.00000000,110102.00000000,Paulínia,2022,12.02975423,6,6,100.00000000
3537107,2022,1,0,4.74919878,4.74919878,4.74919878,2.39875415,2.39875415,2.39875415,4.75000000,0.67845697,1769.50000000,1366.67000000,43033.00000000,Pedreira,2022,11.90946483,1,1,100.00000000
3537107,2023,1,0,6.73419560,6.73419560,6.73419560,3.83369967,3.83369967,3.83369967,6.73000000,1.12236593,1769.50000000,1366.67000000,43033.00000000,Pedreira,2022,11.90946483,1,1,100.00000000
3537107,2024,1,0,4.67070201,4.67070201,4.67070201,2.63358544,2.63358544,2.63358544,4.67000000,0.77845034,1769.50000000,1366.67000000,43033.00000000,Pedreira,2022,11.90946483,1,1,100.00000000
3537107,2025,1,0,7.32416956,7.32416956,7.32416956,3.86526210,3.86526210,3.86526210,7.33000000,1.22069493,1769.50000000,1366.67000000,43033.00000000,Pedreira,2022,11.90946483,1,1,100.00000000
3545803,2022,7,7,3.32540258,2.25168643,5.79067784,2.50238354,1.74210425,3.35974016,3.32000000,0.52884610,1877.28000000,1500.00000000,182999.00000000,Santa Bárbara d'Oeste,2022,11.02847557,7,7,100.00000000
3545803,2023,7,7,3.23130598,2.35977210,4.72661587,1.98962857,1.63240238,2.86984638,3.23000000,0.56396867,1877.28000000,1500.00000000,182999.00000000,Santa Bárbara d'Oeste,2022,11.02847557,7,7,100.00000000
3545803,2024,7,7,3.85967036,2.24147933,5.78825413,2.52535249,1.58011993,4.76956584,3.86000000,0.64327839,1877.28000000,1500.00000000,182999.00000000,Santa Bárbara d'Oeste,2022,11.02847557,7,7,100.00000000
3545803,2025,7,7,4.33142556,2.27839784,5.35659793,2.08928497,1.39201474,2.97146136,4.33000000,0.72190426,1877.28000000,1500.00000000,182999.00000000,Santa Bárbara d'Oeste,2022,11.02847557,7,7,100.00000000
3548005,2022,3,3,6.42764020,4.37591925,10.61290390,3.81094104,2.91960138,7.35250056,6.43000000,0.97322861,1423.41000000,1200.00000000,23189.00000000,Santo Antônio de Posse,2022,16.93906594,3,3,100.00000000
3548005,2023,3,3,6.85134621,4.76759575,16.84839006,3.22877140,2.67747033,7.88018623,6.85000000,1.04770509,1423.41000000,1200.00000000,23189.00000000,Santo Antônio de Posse,2022,16.93906594,3,3,100.00000000
3548005,2024,3,3,5.24851435,3.88960619,7.99143424,3.75855299,2.92730219,4.66741663,5.25000000,0.79914342,1423.41000000,1200.00000000,23189.00000000,Santo Antônio de Posse,2022,16.93906594,3,3,100.00000000
3548005,2025,1,1,7.79271114,7.79271114,7.79271114,4.70975230,4.70975230,4.70975230,7.80000000,0.77927111,1423.41000000,1200.00000000,23189.00000000,Santo Antônio de Posse,2022,16.93906594,3,1,33.33333333
3552403,2022,11,11,4.04596388,1.86888419,6.76522880,3.22086308,1.51791878,4.95410783,4.05000000,0.59909203,1586.30000000,1200.00000000,279322.00000000,Sumaré,2022,20.26227794,11,11,100.00000000
3552403,2023,11,11,3.74181146,3.07820100,5.15263035,2.63894970,2.10963701,4.09536637,3.74000000,0.61908175,1586.30000000,1200.00000000,279322.00000000,Sumaré,2022,20.26227794,11,11,100.00000000
3552403,2024,11,11,3.64142144,2.17704111,5.67056520,2.59532989,1.68093839,3.47671640,3.64000000,0.56481056,1586.30000000,1200.00000000,279322.00000000,Sumaré,2022,20.26227794,11,11,100.00000000
3552403,2025,11,11,4.09107119,1.97391404,5.74847438,2.56305096,1.01781543,3.88677749,4.09000000,0.68184520,1586.30000000,1200.00000000,279322.00000000,Sumaré,2022,20.26227794,11,11,100.00000000
3556206,2022,7,7,4.90989622,3.24120860,11.26675719,3.94975470,2.67517631,5.66181530,4.91000000,0.76083701,3127.28000000,1975.00000000,125975.00000000,Valinhos,2022,8.51835682,7,7,100.00000000
3556206,2023,7,7,5.86286529,3.27227511,10.10488846,3.65735105,1.92382384,4.00286384,5.86000000,0.83755218,3127.28000000,1975.00000000,125975.00000000,Valinhos,2022,8.51835682,7,7,100.00000000
3556206,2024,7,7,5.16593601,3.73026153,10.85432603,3.95631302,2.06120428,4.35486985,5.16000000,0.84493480,3127.28000000,1975.00000000,125975.00000000,Valinhos,2022,8.51835682,7,7,100.00000000
3556206,2025,7,7,4.79822998,3.75825985,7.63945288,2.78781497,2.03919960,3.78872240,4.80000000,0.69449572,3127.28000000,1975.00000000,125975.00000000,Valinhos,2022,8.51835682,7,7,100.00000000
3556701,2022,3,2,6.11912149,4.92960671,7.39957760,3.93867458,3.21423201,4.22507166,6.13000000,1.01985358,3247.77000000,1856.00000000,76246.00000000,Vinhedo,2022,8.36502899,3,3,100.00000000
3556701,2023,3,2,7.00476115,5.60167541,7.68711709,3.68257656,2.94136146,5.26701332,7.00000000,1.09815958,3247.77000000,1856.00000000,76246.00000000,Vinhedo,2022,8.36502899,3,3,100.00000000
3556701,2024,3,2,5.73014515,5.13494962,9.31427060,2.98968626,2.56495007,6.50975632,5.80000000,0.95502419,3247.77000000,1856.00000000,76246.00000000,Vinhedo,2022,8.36502899,3,3,100.00000000
3556701,2025,3,2,5.11492411,4.43179480,8.05453861,2.61607637,2.58230733,3.82449620,5.12000000,0.85248735,3247.77000000,1856.00000000,76246.00000000,Vinhedo,2022,8.36502899,3,3,100.00000000
