municipality_id,year,n_sets,n_shared,dec_median,dec_min,dec_max,fec_median,fec_min,fec_max,dec_simple_median,dec_limit_ratio_median,income_mean,income_median,income_population,municipality,income_year,low_income_pct
3501608,2022,1,0,3.27859456,3.27859456,3.27859456,2.32960228,2.32960228,2.32960228,3.28000000,0.65571891,2358.27000000,1666.67000000,236512.00000000,Americana,2022,9.83840143
3501608,2023,1,0,2.90945102,2.90945102,2.90945102,2.52855806,2.52855806,2.52855806,2.91000000,0.58189020,2358.27000000,1666.67000000,236512.00000000,Americana,2022,9.83840143
3501608,2024,1,0,2.94150785,2.94150785,2.94150785,2.05026174,2.05026174,2.05026174,2.94000000,0.58830157,2358.27000000,1666.67000000,236512.00000000,Americana,2022,9.83840143
3501608,2025,1,0,2.97028558,2.97028558,2.97028558,1.69950169,1.69950169,1.69950169,2.97000000,0.59405712,2358.27000000,1666.67000000,236512.00000000,Americana,2022,9.83840143
3509502,2022,6,0,3.34600853,1.55998749,5.13696779,2.33153562,0.95974764,3.77717800,3.35000000,0.55766809,2678.60000000,1500.00000000,1134305.00000000,Campinas,2022,16.25726767
3509502,2023,6,0,2.93696482,1.76084737,4.77198860,1.84036395,0.99103661,3.43299570,2.93500000,0.48949414,2678.60000000,1500.00000000,1134305.00000000,Campinas,2022,16.25726767
3509502,2024,6,0,3.38139392,2.15346218,5.99865207,1.69202711,1.13576627,3.57871642,3.37500000,0.56356565,2678.60000000,1500.00000000,1134305.00000000,Campinas,2022,16.25726767
3509502,2025,6,0,3.28121129,1.51992181,5.07311294,1.55940838,0.63992140,2.88813844,3.28000000,0.54686855,2678.60000000,1500.00000000,1134305.00000000,Campinas,2022,16.25726767
3512803,2022,1,0,5.54124850,5.54124850,5.54124850,3.43520497,3.43520497,3.43520497,5.55000000,0.79160693,1614.71000000,1250.00000000,59656.00000000,Cosmópolis,2022,19.36100308
3512803,2023,1,0,5.57379200,5.57379200,5.57379200,3.97499021,3.97499021,3.97499021,5.57000000,0.79625600,1614.71000000,1250.00000000,59656.00000000,Cosmópolis,2022,19.36100308
3512803,2024,1,0,2.81096166,2.81096166,2.81096166,1.45025052,1.45025052,1.45025052,2.81000000,0.40156595,1614.71000000,1250.00000000,59656.00000000,Cosmópolis,2022,19.36100308
3512803,2025,1,0,4.01277927,4.01277927,4.01277927,2.77165455,2.77165455,2.77165455,4.01000000,0.57325418,1614.71000000,1250.00000000,59656.00000000,Cosmópolis,2022,19.36100308
3523404,2022,1,0,6.88214898,6.88214898,6.88214898,3.88721890,3.88721890,3.88721890,6.90000000,0.98316414,2282.10000000,1550.00000000,121127.00000000,Itatiba,2022,11.41116349
3523404,2023,1,0,6.71174022,6.71174022,6.71174022,3.48108387,3.48108387,3.48108387,6.71000000,1.11862337,2282.10000000,1550.00000000,121127.00000000,Itatiba,2022,11.41116349
3523404,2024,1,0,5.51159677,5.51159677,5.51159677,3.13858344,3.13858344,3.13858344,5.52000000,0.91859946,2282.10000000,1550.00000000,121127.00000000,Itatiba,2022,11.41116349
3523404,2025,1,0,5.23464366,5.23464366,5.23464366,3.18524448,3.18524448,3.18524448,5.24000000,0.87244061,2282.10000000,1550.00000000,121127.00000000,Itatiba,2022,11.41116349
3524709,2022,1,0,4.82813712,4.82813712,4.82813712,3.04011552,3.04011552,3.04011552,4.83000000,0.68973387,2045.01000000,1433.33000000,59131.00000000,Jaguariúna,2022,18.34739815
3524709,2023,1,0,3.81799826,3.81799826,3.81799826,2.33414260,2.33414260,2.33414260,3.82000000,0.63633304,2045.01000000,1433.33000000,59131.00000000,Jaguariúna,2022,18.34739815
3524709,2024,1,0,3.54206348,3.54206348,3.54206348,2.49745644,2.49745644,2.49745644,3.55000000,0.59034391,2045.01000000,1433.33000000,59131.00000000,Jaguariúna,2022,18.34739815
3524709,2025,1,0,4.66976551,4.66976551,4.66976551,2.92660676,2.92660676,2.92660676,4.67000000,0.77829425,2045.01000000,1433.33000000,59131.00000000,Jaguariúna,2022,18.34739815
3537107,2022,1,0,4.74919878,4.74919878,4.74919878,2.39875415,2.39875415,2.39875415,4.75000000,0.67845697,1769.50000000,1366.67000000,43033.00000000,Pedreira,2022,11.90946483
3537107,2023,1,0,6.73419560,6.73419560,6.73419560,3.83369967,3.83369967,3.83369967,6.73000000,1.12236593,1769.50000000,1366.67000000,43033.00000000,Pedreira,2022,11.90946483
3537107,2024,1,0,4.67070201,4.67070201,4.67070201,2.63358544,2.63358544,2.63358544,4.67000000,0.77845034,1769.50000000,1366.67000000,43033.00000000,Pedreira,2022,11.90946483
3537107,2025,1,0,7.32416956,7.32416956,7.32416956,3.86526210,3.86526210,3.86526210,7.33000000,1.22069493,1769.50000000,1366.67000000,43033.00000000,Pedreira,2022,11.90946483
3556701,2022,1,0,4.92960671,4.92960671,4.92960671,3.21423201,3.21423201,3.21423201,4.93000000,0.82160112,3247.77000000,1856.00000000,76246.00000000,Vinhedo,2022,8.36502899
3556701,2023,1,0,7.00476115,7.00476115,7.00476115,3.68257656,3.68257656,3.68257656,7.00000000,1.16746019,3247.77000000,1856.00000000,76246.00000000,Vinhedo,2022,8.36502899
3556701,2024,1,0,5.73014515,5.73014515,5.73014515,2.56495007,2.56495007,2.56495007,5.80000000,0.95502419,3247.77000000,1856.00000000,76246.00000000,Vinhedo,2022,8.36502899
3556701,2025,1,0,4.43179480,4.43179480,4.43179480,2.58230733,2.58230733,2.58230733,4.43000000,0.73863247,3247.77000000,1856.00000000,76246.00000000,Vinhedo,2022,8.36502899
