cnpj,set_id,year,months_observed,months_complete,complete,dec_h,fec_n,dec_sum,fec_sum,uc_mean,uc_ratio,set_name,agent,dec_limit,fec_limit,dec_limit_ratio,fec_limit_ratio,DatGeracaoConjuntoDados,municipality_id,municipality,state,municipalities_served
02328280000197,13457,2022,12,12,True,5.99438612,3.50402055,6.00000000,3.51000000,31628.75000000,1.02178154,ARTUR NOGUEIRA,ELEKTRO,6.00000000,5.00000000,0.99906435,0.70080411,2026-09-09,3503802,Artur Nogueira,SP,6
02328280000197,13457,2022,12,12,True,5.99438612,3.50402055,6.00000000,3.51000000,31628.75000000,1.02178154,ARTUR NOGUEIRA,ELEKTRO,6.00000000,5.00000000,0.99906435,0.70080411,2026-09-09,3515152,Engenheiro Coelho,SP,6
02328280000197,13457,2023,12,12,True,5.56783695,2.84656769,5.57000000,2.85000000,32247.25000000,1.01620624,ARTUR NOGUEIRA,ELEKTRO,6.00000000,5.00000000,0.92797282,0.56931354,2026-09-09,3503802,Artur Nogueira,SP,6
02328280000197,13457,2023,12,12,True,5.56783695,2.84656769,5.57000000,2.85000000,32247.25000000,1.01620624,ARTUR NOGUEIRA,ELEKTRO,6.00000000,5.00000000,0.92797282,0.56931354,2026-09-09,3515152,Engenheiro Coelho,SP,6
02328280000197,13457,2024,12,12,True,5.32101877,3.80375410,5.32000000,3.81000000,32932.00000000,1.02404526,ARTUR NOGUEIRA,ELEKTRO,6.00000000,5.00000000,0.88683646,0.76075082,2026-09-09,3503802,Artur Nogueira,SP,6
02328280000197,13457,2024,12,12,True,5.32101877,3.80375410,5.32000000,3.81000000,32932.00000000,1.02404526,ARTUR NOGUEIRA,ELEKTRO,6.00000000,5.00000000,0.88683646,0.76075082,2026-09-09,3515152,Engenheiro Coelho,SP,6
02328280000197,13540,2022,12,12,True,4.37591925,2.91960138,4.38000000,2.92000000,27352.83333333,1.01325820,MOGI MIRIM UM,ELEKTRO,5.00000000,5.00000000,0.87518385,0.58392028,2026-09-09,3548005,Santo Antônio de Posse,SP,3
02328280000197,13540,2023,12,12,True,4.76759575,2.67747033,4.77000000,2.68000000,27662.41666667,1.01394690,MOGI MIRIM UM,ELEKTRO,5.00000000,5.00000000,0.95351915,0.53549407,2026-09-09,3548005,Santo Antônio de Posse,SP,3
02328280000197,13540,2024,12,12,True,3.88960619,2.92730219,3.89000000,2.93000000,29813.41666667,1.00957809,MOGI MIRIM UM,ELEKTRO,5.00000000,5.00000000,0.77792124,0.58546044,2026-09-09,3548005,Santo Antônio de Posse,SP,3
02328280000197,13586,2022,12,12,True,6.42764020,3.81094104,6.43000000,3.81000000,9388.50000000,1.01709126,SANTO ANTONIO DA POSSE,ELEKTRO,6.00000000,5.00000000,1.07127337,0.76218821,2026-09-09,3548005,Santo Antônio de Posse,SP,2
02328280000197,13586,2023,12,12,True,6.85134621,3.22877140,6.85000000,3.23000000,9523.00000000,1.01477573,SANTO ANTONIO DA POSSE,ELEKTRO,6.00000000,5.00000000,1.14189104,0.64575428,2026-09-09,3548005,Santo Antônio de Posse,SP,2
02328280000197,13586,2024,12,12,True,5.24851435,3.75855299,5.25000000,3.75000000,9877.83333333,1.02871011,SANTO ANTONIO DA POSSE,ELEKTRO,6.00000000,5.00000000,0.87475239,0.75171060,2026-09-09,3548005,Santo Antônio de Posse,SP,2
04172213000151,13491,2022,12,12,True,6.98885783,4.92556402,6.99000000,4.93000000,60199.25000000,1.02950693,INDAIATUBA,CPFL-PIRATINING,7.00000000,5.00000000,0.99840826,0.98511280,2026-09-09,3520509,Indaiatuba,SP,3
04172213000151,13491,2023,12,12,True,5.12689099,3.45686979,5.13000000,3.46000000,61886.16666667,1.02155158,INDAIATUBA,CPFL-PIRATINING,6.00000000,5.00000000,0.85448183,0.69137396,2026-09-09,3520509,Indaiatuba,SP,3
04172213000151,13491,2024,12,12,True,5.36016115,3.29163429,5.38000000,3.30000000,52165.91666667,1.06815082,INDAIATUBA,CPFL-PIRATINING,6.00000000,5.00000000,0.89336019,0.65832686,2026-09-09,3520509,Indaiatuba,SP,3
04172213000151,13491,2025,12,12,True,5.28792365,3.68950888,5.29000000,3.71000000,54034.41666667,1.03159475,INDAIATUBA,CPFL-PIRATINING,6.00000000,5.00000000,0.88132061,0.73790178,2026-09-09,3520509,Indaiatuba,SP,3
04172213000151,13497,2022,12,12,True,6.58238689,5.16171531,6.59000000,5.17000000,41263.58333333,1.02946171,ITUPEVA,CPFL-PIRATINING,7.00000000,6.00000000,0.94034098,0.86028589,2026-09-09,3520509,Indaiatuba,SP,3
04172213000151,13497,2023,12,12,True,6.79796081,4.13245334,6.80000000,4.14000000,42471.08333333,1.02559144,ITUPEVA,CPFL-PIRATINING,7.00000000,6.00000000,0.97113726,0.68874222,2026-09-09,3520509,Indaiatuba,SP,3
04172213000151,13497,2024,12,12,True,5.81389354,4.27636418,5.89000000,4.33000000,37121.33333333,1.09065042,ITUPEVA,CPFL-PIRATINING,7.00000000,6.00000000,0.83055622,0.71272736,2026-09-09,3520509,Indaiatuba,SP,3
04172213000151,13497,2025,12,12,True,6.75419464,4.70362913,6.76000000,4.71000000,38509.25000000,1.02394989,ITUPEVA,CPFL-PIRATINING,6.00000000,6.00000000,1.12569911,0.78393819,2026-09-09,3520509,Indaiatuba,SP,3
04172213000151,13503,2022,12,12,True,7.39957760,3.93867458,7.41000000,3.94000000,17290.16666667,1.02172131,LOUVEIRA,CPFL-PIRATINING,7.00000000,6.00000000,1.05708251,0.65644576,2026-09-09,3556701,Vinhedo,SP,3
04172213000151,13503,2023,12,12,True,7.68711709,5.26701332,7.69000000,5.27000000,17587.25000000,1.01046073,LOUVEIRA,CPFL-PIRATINING,7.00000000,5.00000000,1.09815958,1.05340266,2026-09-09,3556701,Vinhedo,SP,3
04172213000151,13503,2024,12,12,True,9.31427060,6.50975632,9.38000000,6.54000000,14393.58333333,1.09479276,LOUVEIRA,CPFL-PIRATINING,7.00000000,5.00000000,1.33061009,1.30195126,2026-09-09,3556701,Vinhedo,SP,3
04172213000151,13503,2025,12,12,True,8.05453861,3.82449620,8.06000000,3.83000000,14795.08333333,1.02110944,LOUVEIRA,CPFL-PIRATINING,7.00000000,5.00000000,1.15064837,0.76489924,2026-09-09,3556701,Vinhedo,SP,3
04172213000151,13561,2022,12,12,True,4.92960671,3.21423201,4.93000000,3.21000000,23540.83333333,1.02137634,VINHEDO,CPFL-PIRATINING,6.00000000,5.00000000,0.82160112,0.64284640,2026-09-09,3556701,Vinhedo,SP,1
04172213000151,13561,2023,12,12,True,7.00476115,3.68257656,7.00000000,3.68000000,24032.00000000,1.01752837,VINHEDO,CPFL-PIRATINING,6.00000000,5.00000000,1.16746019,0.73651531,2026-09-09,3556701,Vinhedo,SP,1
04172213000151,13561,2024,12,12,True,5.73014515,2.56495007,5.80000000,2.59000000,23957.91666667,1.17787242,VINHEDO,CPFL-PIRATINING,6.00000000,5.00000000,0.95502419,0.51299001,2026-09-09,3556701,Vinhedo,SP,1
04172213000151,13561,2025,12,12,True,4.43179480,2.58230733,4.43000000,2.58000000,24742.83333333,1.00990380,VINHEDO,CPFL-PIRATINING,6.00000000,5.00000000,0.73863247,0.51646147,2026-09-09,3556701,Vinhedo,SP,1
04172213000151,13563,2022,12,12,True,6.11912149,4.22507166,6.13000000,4.23000000,19601.41666667,1.03407853,VINHEDO 2 - MARAMBAIA,CPFL-PIRATINING,6.00000000,4.00000000,1.01985358,1.05626791,2026-09-09,3556701,Vinhedo,SP,4
04172213000151,13563,2023,12,12,True,5.60167541,2.94136146,5.59000000,2.93000000,20279.66666667,1.03027427,VINHEDO 2 - MARAMBAIA,CPFL-PIRATINING,6.00000000,4.00000000,0.93361257,0.73534037,2026-09-09,3556701,Vinhedo,SP,4
04172213000151,13563,2024,12,12,True,5.13494962,2.98968626,5.16000000,3.00000000,20470.75000000,1.09102751,VINHEDO 2 - MARAMBAIA,CPFL-PIRATINING,6.00000000,4.00000000,0.85582494,0.74742156,2026-09-09,3556701,Vinhedo,SP,4
04172213000151,13563,2025,12,12,True,5.11492411,2.61607637,5.12000000,2.62000000,21133.91666667,1.01314724,VINHEDO 2 - MARAMBAIA,CPFL-PIRATINING,6.00000000,4.00000000,0.85248735,0.65401909,2026-09-09,3556701,Vinhedo,SP,4
04172213000151,15877,2022,12,12,True,5.87212746,5.29793103,5.88000000,5.30000000,64242.25000000,1.02606366,PORTO GOES,CPFL-PIRATINING,6.00000000,5.00000000,0.97868791,1.05958621,2026-09-09,3520509,Indaiatuba,SP,4
04172213000151,15877,2023,12,12,True,4.90765021,3.50208190,4.92000000,3.51000000,66383.33333333,1.03200478,PORTO GOES,CPFL-PIRATINING,6.00000000,5.00000000,0.81794170,0.70041638,2026-09-09,3520509,Indaiatuba,SP,4
04172213000151,15877,2024,12,12,True,4.51705814,3.62627483,4.52000000,3.62000000,65123.16666667,1.04011497,PORTO GOES,CPFL-PIRATINING,6.00000000,5.00000000,0.75284302,0.72525497,2026-09-09,3520509,Indaiatuba,SP,4
04172213000151,15877,2025,12,12,True,4.73786933,4.52455903,4.74000000,4.53000000,66835.91666667,1.01636106,PORTO GOES,CPFL-PIRATINING,6.00000000,5.00000000,0.78964489,0.90491181,2026-09-09,3520509,Indaiatuba,SP,4
04172213000151,16665,2022,12,12,True,5.08489599,5.44857311,5.09000000,5.46000000,55521.66666667,1.03644143,INDAIATUBA 2 - MORADA DO SOL,CPFL-PIRATINING,6.00000000,5.00000000,0.84748266,1.08971462,2026-09-09,3520509,Indaiatuba,SP,4
04172213000151,16665,2023,12,12,True,4.48789020,4.35138156,4.49000000,4.36000000,56830.83333333,1.02401537,INDAIATUBA 2 - MORADA DO SOL,CPFL-PIRATINING,6.00000000,5.00000000,0.74798170,0.87027631,2026-09-09,3520509,Indaiatuba,SP,4
04172213000151,16665,2024,12,12,True,3.99144173,3.84397655,3.98000000,3.80000000,68008.66666667,1.09513451,INDAIATUBA 2 - MORADA DO SOL,CPFL-PIRATINING,6.00000000,5.00000000,0.66524029,0.76879531,2026-09-09,3520509,Indaiatuba,SP,4
04172213000151,16665,2025,12,12,True,3.63374184,3.92686474,3.63000000,3.93000000,71434.16666667,1.02811023,INDAIATUBA 2 - MORADA DO SOL,CPFL-PIRATINING,6.00000000,5.00000000,0.60562364,0.78537295,2026-09-09,3520509,Indaiatuba,SP,4
33050196000188,13793,2022,12,12,True,3.68962505,2.64820933,3.69000000,2.65000000,17089.08333333,1.00781342,Nova Odessa 1,CPFL-PAULISTA,6.00000000,6.00000000,0.61493751,0.44136822,2026-09-09,3501608,Americana,SP,3
33050196000188,13793,2022,12,12,True,3.68962505,2.64820933,3.69000000,2.65000000,17089.08333333,1.00781342,Nova Odessa 1,CPFL-PAULISTA,6.00000000,6.00000000,0.61493751,0.44136822,2026-09-09,3533403,Nova Odessa,SP,3
33050196000188,13793,2022,12,12,True,3.68962505,2.64820933,3.69000000,2.65000000,17089.08333333,1.00781342,Nova Odessa 1,CPFL-PAULISTA,6.00000000,6.00000000,0.61493751,0.44136822,2026-09-09,3552403,Sumaré,SP,3
33050196000188,13793,2023,12,12,True,5.12203940,3.18994660,5.12000000,3.19000000,17197.83333333,1.00583226,Nova Odessa 1,CPFL-PAULISTA,6.00000000,5.00000000,0.85367323,0.63798932,2026-09-09,3501608,Americana,SP,3
33050196000188,13793,2023,12,12,True,5.12203940,3.18994660,5.12000000,3.19000000,17197.83333333,1.00583226,Nova Odessa 1,CPFL-PAULISTA,6.00000000,5.00000000,0.85367323,0.63798932,2026-09-09,3533403,Nova Odessa,SP,3
33050196000188,13793,2023,12,12,True,5.12203940,3.18994660,5.12000000,3.19000000,17197.83333333,1.00583226,Nova Odessa 1,CPFL-PAULISTA,6.00000000,5.00000000,0.85367323,0.63798932,2026-09-09,3552403,Sumaré,SP,3
33050196000188,13793,2024,12,12,True,3.55053018,2.28920026,3.55000000,2.29000000,20192.91666667,1.01751584,Nova Odessa 1,CPFL-PAULISTA,6.00000000,5.00000000,0.59175503,0.45784005,2026-09-09,3501608,Americana,SP,3
33050196000188,13793,2024,12,12,True,3.55053018,2.28920026,3.55000000,2.29000000,20192.91666667,1.01751584,Nova Odessa 1,CPFL-PAULISTA,6.00000000,5.00000000,0.59175503,0.45784005,2026-09-09,3533403,Nova Odessa,SP,3
33050196000188,13793,2024,12,12,True,3.55053018,2.28920026,3.55000000,2.29000000,20192.91666667,1.01751584,Nova Odessa 1,CPFL-PAULISTA,6.00000000,5.00000000,0.59175503,0.45784005,2026-09-09,3552403,Sumaré,SP,3
33050196000188,13793,2025,12,12,True,4.51330360,2.68894162,4.51000000,2.69000000,20536.91666667,1.02669435,Nova Odessa 1,CPFL-PAULISTA,6.00000000,5.00000000,0.75221727,0.53778832,2026-09-09,3501608,Americana,SP,3
33050196000188,13793,2025,12,12,True,4.51330360,2.68894162,4.51000000,2.69000000,20536.91666667,1.02669435,Nova Odessa 1,CPFL-PAULISTA,6.00000000,5.00000000,0.75221727,0.53778832,2026-09-09,3533403,Nova Odessa,SP,3
33050196000188,13793,2025,12,12,True,4.51330360,2.68894162,4.51000000,2.69000000,20536.91666667,1.02669435,Nova Odessa 1,CPFL-PAULISTA,6.00000000,5.00000000,0.75221727,0.53778832,2026-09-09,3552403,Sumaré,SP,3
33050196000188,13796,2022,12,12,True,6.47222566,3.43677975,6.48000000,3.44000000,19280.08333333,1.01610289,Itatiba 2-Cruzeiro,CPFL-PAULISTA,6.00000000,6.00000000,1.07870428,0.57279663,2026-09-09,3523404,Itatiba,SP,3
33050196000188,13796,2022,12,12,True,6.47222566,3.43677975,6.48000000,3.44000000,19280.08333333,1.01610289,Itatiba 2-Cruzeiro,CPFL-PAULISTA,6.00000000,6.00000000,1.07870428,0.57279663,2026-09-09,3532009,Morungaba,SP,3
33050196000188,13796,2022,12,12,True,6.47222566,3.43677975,6.48000000,3.44000000,19280.08333333,1.01610289,Itatiba 2-Cruzeiro,CPFL-PAULISTA,6.00000000,6.00000000,1.07870428,0.57279663,2026-09-09,3556206,Valinhos,SP,3
33050196000188,13796,2023,12,12,True,7.89370079,3.57958301,7.89000000,3.58000000,19560.66666667,1.01803287,Itatiba 2-Cruzeiro,CPFL-PAULISTA,6.00000000,5.00000000,1.31561680,0.71591660,2026-09-09,3523404,Itatiba,SP,3
33050196000188,13796,2023,12,12,True,7.89370079,3.57958301,7.89000000,3.58000000,19560.66666667,1.01803287,Itatiba 2-Cruzeiro,CPFL-PAULISTA,6.00000000,5.00000000,1.31561680,0.71591660,2026-09-09,3532009,Morungaba,SP,3
33050196000188,13796,2023,12,12,True,7.89370079,3.57958301,7.89000000,3.58000000,19560.66666667,1.01803287,Itatiba 2-Cruzeiro,CPFL-PAULISTA,6.00000000,5.00000000,1.31561680,0.71591660,2026-09-09,3556206,Valinhos,SP,3
33050196000188,13796,2024,12,12,True,6.48161358,3.95631302,6.48000000,3.95000000,19050.83333333,1.05356175,Itatiba 2-Cruzeiro,CPFL-PAULISTA,6.00000000,5.00000000,1.08026893,0.79126260,2026-09-09,3523404,Itatiba,SP,3
33050196000188,13796,2024,12,12,True,6.48161358,3.95631302,6.48000000,3.95000000,19050.83333333,1.05356175,Itatiba 2-Cruzeiro,CPFL-PAULISTA,6.00000000,5.00000000,1.08026893,0.79126260,2026-09-09,3532009,Morungaba,SP,3
33050196000188,13796,2024,12,12,True,6.48161358,3.95631302,6.48000000,3.95000000,19050.83333333,1.05356175,Itatiba 2-Cruzeiro,CPFL-PAULISTA,6.00000000,5.00000000,1.08026893,0.79126260,2026-09-09,3556206,Valinhos,SP,3
33050196000188,13796,2025,12,12,True,5.42138690,3.28379451,5.42000000,3.28000000,19584.41666667,1.02014633,Itatiba 2-Cruzeiro,CPFL-PAULISTA,6.00000000,5.00000000,0.90356448,0.65675890,2026-09-09,3523404,Itatiba,SP,3
33050196000188,13796,2025,12,12,True,5.42138690,3.28379451,5.42000000,3.28000000,19584.41666667,1.02014633,Itatiba 2-Cruzeiro,CPFL-PAULISTA,6.00000000,5.00000000,0.90356448,0.65675890,2026-09-09,3532009,Morungaba,SP,3
33050196000188,13796,2025,12,12,True,5.42138690,3.28379451,5.42000000,3.28000000,19584.41666667,1.02014633,Itatiba 2-Cruzeiro,CPFL-PAULISTA,6.00000000,5.00000000,0.90356448,0.65675890,2026-09-09,3556206,Valinhos,SP,3
33050196000188,13797,2022,12,12,True,6.88214898,3.88721890,6.90000000,3.90000000,34051.83333333,1.02568376,Itatiba 3-Colonial,CPFL-PAULISTA,7.00000000,6.00000000,0.98316414,0.64786982,2026-09-09,3523404,Itatiba,SP,1
33050196000188,13797,2023,12,12,True,6.71174022,3.48108387,6.71000000,3.48000000,34727.33333333,1.01419119,Itatiba 3-Colonial,CPFL-PAULISTA,6.00000000,5.00000000,1.11862337,0.69621677,2026-09-09,3523404,Itatiba,SP,1
33050196000188,13797,2024,12,12,True,5.51159677,3.13858344,5.52000000,3.14000000,36725.16666667,1.03323977,Itatiba 3-Colonial,CPFL-PAULISTA,6.00000000,5.00000000,0.91859946,0.62771669,2026-09-09,3523404,Itatiba,SP,1
33050196000188,13797,2025,12,12,True,5.23464366,3.18524448,5.24000000,3.19000000,37411.75000000,1.02151614,Itatiba 3-Colonial,CPFL-PAULISTA,6.00000000,5.00000000,0.87244061,0.63704890,2026-09-09,3523404,Itatiba,SP,1
33050196000188,13799,2022,12,12,True,11.26675719,5.27501747,11.28000000,5.28000000,14189.58333333,1.02261701,Campinas 2-Souzas,CPFL-PAULISTA,12.00000000,7.00000000,0.93889643,0.75357392,2026-09-09,3509502,Campinas,SP,5
33050196000188,13799,2022,12,12,True,11.26675719,5.27501747,11.28000000,5.28000000,14189.58333333,1.02261701,Campinas 2-Souzas,CPFL-PAULISTA,12.00000000,7.00000000,0.93889643,0.75357392,2026-09-09,3523404,Itatiba,SP,5
33050196000188,13799,2022,12,12,True,11.26675719,5.27501747,11.28000000,5.28000000,14189.58333333,1.02261701,Campinas 2-Souzas,CPFL-PAULISTA,12.00000000,7.00000000,0.93889643,0.75357392,2026-09-09,3532009,Morungaba,SP,5
33050196000188,13799,2022,12,12,True,11.26675719,5.27501747,11.28000000,5.28000000,14189.58333333,1.02261701,Campinas 2-Souzas,CPFL-PAULISTA,12.00000000,7.00000000,0.93889643,0.75357392,2026-09-09,3556206,Valinhos,SP,5
33050196000188,13799,2023,12,12,True,10.10488846,3.91901041,10.12000000,3.93000000,14292.16666667,1.06142994,Campinas 2-Souzas,CPFL-PAULISTA,11.00000000,7.00000000,0.91862622,0.55985863,2026-09-09,3509502,Campinas,SP,5
33050196000188,13799,2023,12,12,True,10.10488846,3.91901041,10.12000000,3.93000000,14292.16666667,1.06142994,Campinas 2-Souzas,CPFL-PAULISTA,11.00000000,7.00000000,0.91862622,0.55985863,2026-09-09,3523404,Itatiba,SP,5
33050196000188,13799,2023,12,12,True,10.10488846,3.91901041,10.12000000,3.93000000,14292.16666667,1.06142994,Campinas 2-Souzas,CPFL-PAULISTA,11.00000000,7.00000000,0.91862622,0.55985863,2026-09-09,3532009,Morungaba,SP,5
33050196000188,13799,2023,12,12,True,10.10488846,3.91901041,10.12000000,3.93000000,14292.16666667,1.06142994,Campinas 2-Souzas,CPFL-PAULISTA,11.00000000,7.00000000,0.91862622,0.55985863,2026-09-09,3556206,Valinhos,SP,5
33050196000188,13799,2024,12,12,True,10.85432603,4.35486985,10.86000000,4.37000000,16791.58333333,1.04979737,Campinas 2-Souzas,CPFL-PAULISTA,11.00000000,7.00000000,0.98675691,0.62212426,2026-09-09,3509502,Campinas,SP,5
33050196000188,13799,2024,12,12,True,10.85432603,4.35486985,10.86000000,4.37000000,16791.58333333,1.04979737,Campinas 2-Souzas,CPFL-PAULISTA,11.00000000,7.00000000,0.98675691,0.62212426,2026-09-09,3523404,Itatiba,SP,5
33050196000188,13799,2024,12,12,True,10.85432603,4.35486985,10.86000000,4.37000000,16791.58333333,1.04979737,Campinas 2-Souzas,CPFL-PAULISTA,11.00000000,7.00000000,0.98675691,0.62212426,2026-09-09,3532009,Morungaba,SP,5
33050196000188,13799,2024,12,12,True,10.85432603,4.35486985,10.86000000,4.37000000,16791.58333333,1.04979737,Campinas 2-Souzas,CPFL-PAULISTA,11.00000000,7.00000000,0.98675691,0.62212426,2026-09-09,3556206,Valinhos,SP,5
33050196000188,13799,2025,12,12,True,7.63945288,3.78872240,7.66000000,3.80000000,17260.16666667,1.02339078,Campinas 2-Souzas,CPFL-PAULISTA,11.00000000,7.00000000,0.69449572,0.54124606,2026-09-09,3509502,Campinas,SP,5
33050196000188,13799,2025,12,12,True,7.63945288,3.78872240,7.66000000,3.80000000,17260.16666667,1.02339078,Campinas 2-Souzas,CPFL-PAULISTA,11.00000000,7.00000000,0.69449572,0.54124606,2026-09-09,3523404,Itatiba,SP,5
33050196000188,13799,2025,12,12,True,7.63945288,3.78872240,7.66000000,3.80000000,17260.16666667,1.02339078,Campinas 2-Souzas,CPFL-PAULISTA,11.00000000,7.00000000,0.69449572,0.54124606,2026-09-09,3532009,Morungaba,SP,5
33050196000188,13799,2025,12,12,True,7.63945288,3.78872240,7.66000000,3.80000000,17260.16666667,1.02339078,Campinas 2-Souzas,CPFL-PAULISTA,11.00000000,7.00000000,0.69449572,0.54124606,2026-09-09,3556206,Valinhos,SP,5
33050196000188,13800,2022,12,12,True,4.50935019,2.26011418,4.51000000,2.26000000,27820.83333333,1.01324599,Campinas 9-Paineiras,CPFL-PAULISTA,6.00000000,5.00000000,0.75155836,0.45202284,2026-09-09,3509502,Campinas,SP,1
33050196000188,13800,2023,12,12,True,3.35392207,2.09004654,3.35000000,2.09000000,27917.41666667,1.03866361,Campinas 9-Paineiras,CPFL-PAULISTA,6.00000000,5.00000000,0.55898701,0.41800931,2026-09-09,3509502,Campinas,SP,1
33050196000188,13800,2024,12,12,True,3.70546920,1.69005392,3.70000000,1.69000000,22287.83333333,1.04802547,Campinas 9-Paineiras,CPFL-PAULISTA,6.00000000,5.00000000,0.61757820,0.33801078,2026-09-09,3509502,Campinas,SP,1
33050196000188,13800,2025,12,12,True,3.05084241,1.42888081,3.05000000,1.43000000,22846.08333333,1.01264763,Campinas 9-Paineiras,CPFL-PAULISTA,6.00000000,5.00000000,0.50847374,0.28577616,2026-09-09,3509502,Campinas,SP,1
33050196000188,13802,2022,12,12,True,4.56502204,4.64340610,4.57000000,4.65000000,35127.16666667,1.04458432,Valinhos 1,CPFL-PAULISTA,6.00000000,6.00000000,0.76083701,0.77390102,2026-09-09,3509502,Campinas,SP,3
33050196000188,13802,2022,12,12,True,4.56502204,4.64340610,4.57000000,4.65000000,35127.16666667,1.04458432,Valinhos 1,CPFL-PAULISTA,6.00000000,6.00000000,0.76083701,0.77390102,2026-09-09,3523404,Itatiba,SP,3
33050196000188,13802,2022,12,12,True,4.56502204,4.64340610,4.57000000,4.65000000,35127.16666667,1.04458432,Valinhos 1,CPFL-PAULISTA,6.00000000,6.00000000,0.76083701,0.77390102,2026-09-09,3556206,Valinhos,SP,3
33050196000188,13802,2023,12,12,True,5.02437760,3.76765979,5.03000000,3.77000000,35819.08333333,1.04720831,Valinhos 1,CPFL-PAULISTA,6.00000000,5.00000000,0.83739627,0.75353196,2026-09-09,3509502,Campinas,SP,3
33050196000188,13802,2023,12,12,True,5.02437760,3.76765979,5.03000000,3.77000000,35819.08333333,1.04720831,Valinhos 1,CPFL-PAULISTA,6.00000000,5.00000000,0.83739627,0.75353196,2026-09-09,3523404,Itatiba,SP,3
33050196000188,13802,2023,12,12,True,5.02437760,3.76765979,5.03000000,3.77000000,35819.08333333,1.04720831,Valinhos 1,CPFL-PAULISTA,6.00000000,5.00000000,0.83739627,0.75353196,2026-09-09,3556206,Valinhos,SP,3
33050196000188,13802,2024,12,12,True,5.06960878,4.04211361,5.08000000,4.06000000,36514.16666667,1.03394452,Valinhos 1,CPFL-PAULISTA,6.00000000,5.00000000,0.84493480,0.80842272,2026-09-09,3509502,Campinas,SP,3
33050196000188,13802,2024,12,12,True,5.06960878,4.04211361,5.08000000,4.06000000,36514.16666667,1.03394452,Valinhos 1,CPFL-PAULISTA,6.00000000,5.00000000,0.84493480,0.80842272,2026-09-09,3523404,Itatiba,SP,3
33050196000188,13802,2024,12,12,True,5.06960878,4.04211361,5.08000000,4.06000000,36514.16666667,1.03394452,Valinhos 1,CPFL-PAULISTA,6.00000000,5.00000000,0.84493480,0.80842272,2026-09-09,3556206,Valinhos,SP,3
33050196000188,13802,2025,12,12,True,3.75825985,2.03919960,3.76000000,2.04000000,36669.25000000,1.01541505,Valinhos 1,CPFL-PAULISTA,6.00000000,5.00000000,0.62637664,0.40783992,2026-09-09,3509502,Campinas,SP,3
33050196000188,13802,2025,12,12,True,3.75825985,2.03919960,3.76000000,2.04000000,36669.25000000,1.01541505,Valinhos 1,CPFL-PAULISTA,6.00000000,5.00000000,0.62637664,0.40783992,2026-09-09,3523404,Itatiba,SP,3
33050196000188,13802,2025,12,12,True,3.75825985,2.03919960,3.76000000,2.04000000,36669.25000000,1.01541505,Valinhos 1,CPFL-PAULISTA,6.00000000,5.00000000,0.62637664,0.40783992,2026-09-09,3556206,Valinhos,SP,3
33050196000188,13805,2022,12,12,True,3.24120860,2.67517631,3.24000000,2.67000000,39285.25000000,1.02129577,Campinas 3-Trevo,CPFL-PAULISTA,6.00000000,5.00000000,0.54020143,0.53503526,2026-09-09,3509502,Campinas,SP,2
33050196000188,13805,2022,12,12,True,3.24120860,2.67517631,3.24000000,2.67000000,39285.25000000,1.02129577,Campinas 3-Trevo,CPFL-PAULISTA,6.00000000,5.00000000,0.54020143,0.53503526,2026-09-09,3556206,Valinhos,SP,2
33050196000188,13805,2023,12,12,True,3.27227511,1.92382384,3.27000000,1.93000000,40715.58333333,1.05677702,Campinas 3-Trevo,CPFL-PAULISTA,6.00000000,5.00000000,0.54537919,0.38476477,2026-09-09,3509502,Campinas,SP,2
33050196000188,13805,2023,12,12,True,3.27227511,1.92382384,3.27000000,1.93000000,40715.58333333,1.05677702,Campinas 3-Trevo,CPFL-PAULISTA,6.00000000,5.00000000,0.54537919,0.38476477,2026-09-09,3556206,Valinhos,SP,2
33050196000188,13805,2024,12,12,True,3.73026153,2.06120428,3.73000000,2.06000000,39619.83333333,1.02913565,Campinas 3-Trevo,CPFL-PAULISTA,6.00000000,5.00000000,0.62171025,0.41224086,2026-09-09,3509502,Campinas,SP,2
33050196000188,13805,2024,12,12,True,3.73026153,2.06120428,3.73000000,2.06000000,39619.83333333,1.02913565,Campinas 3-Trevo,CPFL-PAULISTA,6.00000000,5.00000000,0.62171025,0.41224086,2026-09-09,3556206,Valinhos,SP,2
33050196000188,13805,2025,12,12,True,3.82572263,2.54867164,3.83000000,2.55000000,40805.83333333,1.02560159,Campinas 3-Trevo,CPFL-PAULISTA,6.00000000,5.00000000,0.63762044,0.50973433,2026-09-09,3509502,Campinas,SP,2
33050196000188,13805,2025,12,12,True,3.82572263,2.54867164,3.83000000,2.55000000,40805.83333333,1.02560159,Campinas 3-Trevo,CPFL-PAULISTA,6.00000000,5.00000000,0.63762044,0.50973433,2026-09-09,3556206,Valinhos,SP,2
33050196000188,13806,2022,12,12,True,4.90989622,3.94975470,4.91000000,3.95000000,20563.58333333,1.00653467,Campinas 8-Viracopos,CPFL-PAULISTA,7.00000000,6.00000000,0.70141375,0.65829245,2026-09-09,3509502,Campinas,SP,2
33050196000188,13806,2022,12,12,True,4.90989622,3.94975470,4.91000000,3.95000000,20563.58333333,1.00653467,Campinas 8-Viracopos,CPFL-PAULISTA,7.00000000,6.00000000,0.70141375,0.65829245,2026-09-09,3556206,Valinhos,SP,2
33050196000188,13806,2023,12,12,True,5.86286529,4.00286384,5.86000000,4.00000000,20684.33333333,1.02052844,Campinas 8-Viracopos,CPFL-PAULISTA,7.00000000,5.00000000,0.83755218,0.80057277,2026-09-09,3509502,Campinas,SP,2
33050196000188,13806,2023,12,12,True,5.86286529,4.00286384,5.86000000,4.00000000,20684.33333333,1.02052844,Campinas 8-Viracopos,CPFL-PAULISTA,7.00000000,5.00000000,0.83755218,0.80057277,2026-09-09,3556206,Valinhos,SP,2
33050196000188,13806,2024,12,12,True,5.64168428,4.13068742,5.64000000,4.13000000,32619.33333333,1.05128525,Campinas 8-Viracopos,CPFL-PAULISTA,7.00000000,5.00000000,0.80595490,0.82613748,2026-09-09,3509502,Campinas,SP,2
33050196000188,13806,2024,12,12,True,5.64168428,4.13068742,5.64000000,4.13000000,32619.33333333,1.05128525,Campinas 8-Viracopos,CPFL-PAULISTA,7.00000000,5.00000000,0.80595490,0.82613748,2026-09-09,3556206,Valinhos,SP,2
33050196000188,13806,2025,12,12,True,4.79822998,2.92950470,4.80000000,2.93000000,32971.41666667,1.00977199,Campinas 8-Viracopos,CPFL-PAULISTA,6.00000000,5.00000000,0.79970500,0.58590094,2026-09-09,3509502,Campinas,SP,2
33050196000188,13806,2025,12,12,True,4.79822998,2.92950470,4.80000000,2.93000000,32971.41666667,1.00977199,Campinas 8-Viracopos,CPFL-PAULISTA,6.00000000,5.00000000,0.79970500,0.58590094,2026-09-09,3556206,Valinhos,SP,2
33050196000188,13807,2022,12,12,True,2.83205530,2.40295707,2.84000000,2.41000000,38517.91666667,1.02201936,Campinas 6-Taquaral,CPFL-PAULISTA,6.00000000,5.00000000,0.47200922,0.48059141,2026-09-09,3509502,Campinas,SP,1
33050196000188,13807,2023,12,12,True,2.43839653,1.38008121,2.44000000,1.38000000,39034.00000000,1.01470816,Campinas 6-Taquaral,CPFL-PAULISTA,6.00000000,5.00000000,0.40639942,0.27601624,2026-09-09,3509502,Campinas,SP,1
33050196000188,13807,2024,12,12,True,2.29816741,1.56605307,2.30000000,1.57000000,32937.00000000,1.02204347,Campinas 6-Taquaral,CPFL-PAULISTA,6.00000000,5.00000000,0.38302790,0.31321061,2026-09-09,3509502,Campinas,SP,1
33050196000188,13807,2025,12,12,True,2.45007459,1.38972492,2.45000000,1.39000000,33369.41666667,1.00873415,Campinas 6-Taquaral,CPFL-PAULISTA,6.00000000,5.00000000,0.40834577,0.27794498,2026-09-09,3509502,Campinas,SP,1
33050196000188,13808,2022,12,12,True,1.55998749,0.95974764,1.56000000,0.96000000,61539.25000000,1.01648135,Campinas 1-Centro,CPFL-PAULISTA,6.00000000,4.00000000,0.25999791,0.23993691,2026-09-09,3509502,Campinas,SP,1
33050196000188,13808,2023,12,12,True,1.76084737,0.99103661,1.76000000,0.99000000,62207.83333333,1.01957429,Campinas 1-Centro,CPFL-PAULISTA,5.00000000,4.00000000,0.35216947,0.24775915,2026-09-09,3509502,Campinas,SP,1
33050196000188,13808,2024,12,12,True,2.15346218,1.13576627,2.16000000,1.14000000,72759.75000000,1.10768270,Campinas 1-Centro,CPFL-PAULISTA,5.00000000,4.00000000,0.43069244,0.28394157,2026-09-09,3509502,Campinas,SP,1
33050196000188,13808,2025,12,12,True,1.51992181,0.63992140,1.52000000,0.64000000,72644.00000000,1.01687348,Campinas 1-Centro,CPFL-PAULISTA,5.00000000,4.00000000,0.30398436,0.15998035,2026-09-09,3509502,Campinas,SP,1
33050196000188,13809,2022,12,12,True,3.85996177,2.73022713,3.86000000,2.73000000,14341.91666667,1.00363128,Campinas 10-Chapadão,CPFL-PAULISTA,6.00000000,6.00000000,0.64332696,0.45503786,2026-09-09,3509502,Campinas,SP,1
33050196000188,13809,2023,12,12,True,4.22976211,2.62999344,4.23000000,2.63000000,14365.58333333,1.00502337,Campinas 10-Chapadão,CPFL-PAULISTA,6.00000000,5.00000000,0.70496035,0.52599869,2026-09-09,3509502,Campinas,SP,1
33050196000188,13809,2024,12,12,True,5.99865207,3.57871642,6.00000000,3.58000000,10697.91666667,1.00591494,Campinas 10-Chapadão,CPFL-PAULISTA,6.00000000,5.00000000,0.99977535,0.71574328,2026-09-09,3509502,Campinas,SP,1
33050196000188,13809,2025,12,12,True,3.87982868,1.68993595,3.88000000,1.69000000,10720.66666667,1.00242832,Campinas 10-Chapadão,CPFL-PAULISTA,6.00000000,5.00000000,0.64663811,0.33798719,2026-09-09,3509502,Campinas,SP,1
33050196000188,13810,2022,12,12,True,2.54227486,1.63218086,2.54000000,1.63000000,41368.16666667,1.01708010,Campinas 12-Cidade Jardim,CPFL-PAULISTA,6.00000000,5.00000000,0.42371248,0.32643617,2026-09-09,3509502,Campinas,SP,1
33050196000188,13810,2023,12,12,True,2.52000756,1.59068137,2.52000000,1.59000000,42300.58333333,1.01977105,Campinas 12-Cidade Jardim,CPFL-PAULISTA,6.00000000,4.00000000,0.42000126,0.39767034,2026-09-09,3509502,Campinas,SP,1
33050196000188,13810,2024,12,12,True,3.05731864,1.69400031,3.05000000,1.69000000,36807.75000000,1.04061237,Campinas 12-Cidade Jardim,CPFL-PAULISTA,6.00000000,4.00000000,0.50955311,0.42350008,2026-09-09,3509502,Campinas,SP,1
33050196000188,13810,2025,12,12,True,3.51158016,2.00281556,3.51000000,2.00000000,38263.58333333,1.03294893,Campinas 12-Cidade Jardim,CPFL-PAULISTA,6.00000000,4.00000000,0.58526336,0.50070389,2026-09-09,3509502,Campinas,SP,1
33050196000188,13811,2022,12,12,True,4.99061313,3.54016932,4.99000000,3.54000000,18427.16666667,1.00680828,Campinas 4-Boa Vista,CPFL-PAULISTA,7.00000000,6.00000000,0.71294473,0.59002822,2026-09-09,3509502,Campinas,SP,2
33050196000188,13811,2022,12,12,True,4.99061313,3.54016932,4.99000000,3.54000000,18427.16666667,1.00680828,Campinas 4-Boa Vista,CPFL-PAULISTA,7.00000000,6.00000000,0.71294473,0.59002822,2026-09-09,3519071,Hortolândia,SP,2
33050196000188,13811,2023,12,12,True,5.40789002,3.40998638,5.41000000,3.41000000,18482.83333333,1.00946990,Campinas 4-Boa Vista,CPFL-PAULISTA,7.00000000,5.00000000,0.77255572,0.68199728,2026-09-09,3509502,Campinas,SP,2
33050196000188,13811,2023,12,12,True,5.40789002,3.40998638,5.41000000,3.41000000,18482.83333333,1.00946990,Campinas 4-Boa Vista,CPFL-PAULISTA,7.00000000,5.00000000,0.77255572,0.68199728,2026-09-09,3519071,Hortolândia,SP,2
33050196000188,13811,2024,12,12,True,3.57690480,2.03193000,3.58000000,2.03000000,29610.91666667,1.02322872,Campinas 4-Boa Vista,CPFL-PAULISTA,7.00000000,5.00000000,0.51098640,0.40638600,2026-09-09,3509502,Campinas,SP,2
33050196000188,13811,2024,12,12,True,3.57690480,2.03193000,3.58000000,2.03000000,29610.91666667,1.02322872,Campinas 4-Boa Vista,CPFL-PAULISTA,7.00000000,5.00000000,0.51098640,0.40638600,2026-09-09,3519071,Hortolândia,SP,2
33050196000188,13811,2025,12,12,True,5.06417137,3.52744597,5.07000000,3.53000000,30074.41666667,1.01209016,Campinas 4-Boa Vista,CPFL-PAULISTA,6.00000000,5.00000000,0.84402856,0.70548919,2026-09-09,3509502,Campinas,SP,2
33050196000188,13811,2025,12,12,True,5.06417137,3.52744597,5.07000000,3.53000000,30074.41666667,1.01209016,Campinas 4-Boa Vista,CPFL-PAULISTA,6.00000000,5.00000000,0.84402856,0.70548919,2026-09-09,3519071,Hortolândia,SP,2
33050196000188,13812,2022,12,12,True,5.13696779,3.77717800,5.14000000,3.78000000,37613.41666667,1.00870564,Campinas 14-Bandeirantes,CPFL-PAULISTA,7.00000000,6.00000000,0.73385254,0.62952967,2026-09-09,3509502,Campinas,SP,1
33050196000188,13812,2023,12,12,True,4.77198860,3.43299570,4.77000000,3.43000000,37901.00000000,1.03081036,Campinas 14-Bandeirantes,CPFL-PAULISTA,6.00000000,5.00000000,0.79533143,0.68659914,2026-09-09,3509502,Campinas,SP,1
33050196000188,13812,2024,12,12,True,5.48167404,2.89483208,5.47000000,2.89000000,32530.16666667,1.03490850,Campinas 14-Bandeirantes,CPFL-PAULISTA,6.00000000,5.00000000,0.91361234,0.57896642,2026-09-09,3509502,Campinas,SP,1
33050196000188,13812,2025,12,12,True,5.07311294,2.88813844,5.07000000,2.88000000,33387.25000000,1.03554807,Campinas 14-Bandeirantes,CPFL-PAULISTA,6.00000000,5.00000000,0.84551882,0.57762769,2026-09-09,3509502,Campinas,SP,1
33050196000188,13813,2022,12,12,True,4.58854475,3.76233258,4.59000000,3.76000000,60821.00000000,1.01012621,Campinas 16-Jardim Marajo,CPFL-PAULISTA,8.00000000,6.00000000,0.57356809,0.62705543,2026-09-09,3509502,Campinas,SP,2
33050196000188,13813,2022,12,12,True,4.58854475,3.76233258,4.59000000,3.76000000,60821.00000000,1.01012621,Campinas 16-Jardim Marajo,CPFL-PAULISTA,8.00000000,6.00000000,0.57356809,0.62705543,2026-09-09,3531803,Monte Mor,SP,2
33050196000188,13813,2023,12,12,True,4.93886253,2.66949627,4.94000000,2.67000000,61327.41666667,1.02110596,Campinas 16-Jardim Marajo,CPFL-PAULISTA,7.00000000,5.00000000,0.70555179,0.53389925,2026-09-09,3509502,Campinas,SP,2
33050196000188,13813,2023,12,12,True,4.93886253,2.66949627,4.94000000,2.67000000,61327.41666667,1.02110596,Campinas 16-Jardim Marajo,CPFL-PAULISTA,7.00000000,5.00000000,0.70555179,0.53389925,2026-09-09,3531803,Monte Mor,SP,2
33050196000188,13813,2024,12,12,True,4.73394302,2.13944816,4.73000000,2.14000000,59664.25000000,1.02799285,Campinas 16-Jardim Marajo,CPFL-PAULISTA,7.00000000,5.00000000,0.67627757,0.42788963,2026-09-09,3509502,Campinas,SP,2
33050196000188,13813,2024,12,12,True,4.73394302,2.13944816,4.73000000,2.14000000,59664.25000000,1.02799285,Campinas 16-Jardim Marajo,CPFL-PAULISTA,7.00000000,5.00000000,0.67627757,0.42788963,2026-09-09,3531803,Monte Mor,SP,2
33050196000188,13813,2025,12,12,True,5.18146113,3.27591417,5.18000000,3.27000000,60709.75000000,1.01375226,Campinas 16-Jardim Marajo,CPFL-PAULISTA,7.00000000,5.00000000,0.74020873,0.65518283,2026-09-09,3509502,Campinas,SP,2
33050196000188,13813,2025,12,12,True,5.18146113,3.27591417,5.18000000,3.27000000,60709.75000000,1.01375226,Campinas 16-Jardim Marajo,CPFL-PAULISTA,7.00000000,5.00000000,0.74020873,0.65518283,2026-09-09,3531803,Monte Mor,SP,2
33050196000188,13814,2022,12,12,True,6.16181908,4.90403188,6.16000000,4.90000000,29089.83333333,1.00940135,Campinas 15-Dic,CPFL-PAULISTA,9.00000000,7.00000000,0.68464656,0.70057598,2026-09-09,3509502,Campinas,SP,2
33050196000188,13814,2022,12,12,True,6.16181908,4.90403188,6.16000000,4.90000000,29089.83333333,1.00940135,Campinas 15-Dic,CPFL-PAULISTA,9.00000000,7.00000000,0.68464656,0.70057598,2026-09-09,3531803,Monte Mor,SP,2
33050196000188,13814,2023,12,12,True,6.03517231,3.81803812,6.04000000,3.82000000,29246.58333333,1.03470087,Campinas 15-Dic,CPFL-PAULISTA,8.00000000,6.00000000,0.75439654,0.63633969,2026-09-09,3509502,Campinas,SP,2
33050196000188,13814,2023,12,12,True,6.03517231,3.81803812,6.04000000,3.82000000,29246.58333333,1.03470087,Campinas 15-Dic,CPFL-PAULISTA,8.00000000,6.00000000,0.75439654,0.63633969,2026-09-09,3531803,Monte Mor,SP,2
33050196000188,13814,2024,12,12,True,4.90283487,1.74103125,4.89000000,1.74000000,21876.33333333,1.05078088,Campinas 15-Dic,CPFL-PAULISTA,8.00000000,6.00000000,0.61285436,0.29017188,2026-09-09,3509502,Campinas,SP,2
33050196000188,13814,2024,12,12,True,4.90283487,1.74103125,4.89000000,1.74000000,21876.33333333,1.05078088,Campinas 15-Dic,CPFL-PAULISTA,8.00000000,6.00000000,0.61285436,0.29017188,2026-09-09,3531803,Monte Mor,SP,2
33050196000188,13814,2025,12,12,True,5.24899022,2.84723574,5.25000000,2.85000000,22314.25000000,1.01522613,Campinas 15-Dic,CPFL-PAULISTA,7.00000000,5.00000000,0.74985575,0.56944715,2026-09-09,3509502,Campinas,SP,2
33050196000188,13814,2025,12,12,True,5.24899022,2.84723574,5.25000000,2.85000000,22314.25000000,1.01522613,Campinas 15-Dic,CPFL-PAULISTA,7.00000000,5.00000000,0.74985575,0.56944715,2026-09-09,3531803,Monte Mor,SP,2
33050196000188,13817,2022,12,12,True,5.71833482,3.21730520,5.74000000,3.22000000,10911.75000000,1.05925573,Campinas 11-Barao Geraldo,CPFL-PAULISTA,6.00000000,6.00000000,0.95305580,0.53621753,2026-09-09,3509502,Campinas,SP,2
33050196000188,13817,2022,12,12,True,5.71833482,3.21730520,5.74000000,3.22000000,10911.75000000,1.05925573,Campinas 11-Barao Geraldo,CPFL-PAULISTA,6.00000000,6.00000000,0.95305580,0.53621753,2026-09-09,3536505,Paulínia,SP,2
33050196000188,13817,2023,12,12,True,2.63462568,1.41511168,2.64000000,1.42000000,11032.08333333,1.02500231,Campinas 11-Barao Geraldo,CPFL-PAULISTA,6.00000000,5.00000000,0.43910428,0.28302234,2026-09-09,3509502,Campinas,SP,2
33050196000188,13817,2023,12,12,True,2.63462568,1.41511168,2.64000000,1.42000000,11032.08333333,1.02500231,Campinas 11-Barao Geraldo,CPFL-PAULISTA,6.00000000,5.00000000,0.43910428,0.28302234,2026-09-09,3536505,Paulínia,SP,2
33050196000188,13817,2024,12,12,True,4.69866885,3.36837696,4.70000000,3.37000000,7640.00000000,1.03009321,Campinas 11-Barao Geraldo,CPFL-PAULISTA,6.00000000,5.00000000,0.78311147,0.67367539,2026-09-09,3509502,Campinas,SP,2
33050196000188,13817,2024,12,12,True,4.69866885,3.36837696,4.70000000,3.37000000,7640.00000000,1.03009321,Campinas 11-Barao Geraldo,CPFL-PAULISTA,6.00000000,5.00000000,0.78311147,0.67367539,2026-09-09,3536505,Paulínia,SP,2
33050196000188,13817,2025,12,12,True,2.46440412,1.14276891,2.46000000,1.14000000,7766.58333333,1.01653000,Campinas 11-Barao Geraldo,CPFL-PAULISTA,6.00000000,5.00000000,0.41073402,0.22855378,2026-09-09,3509502,Campinas,SP,2
33050196000188,13817,2025,12,12,True,2.46440412,1.14276891,2.46000000,1.14000000,7766.58333333,1.01653000,Campinas 11-Barao Geraldo,CPFL-PAULISTA,6.00000000,5.00000000,0.41073402,0.22855378,2026-09-09,3536505,Paulínia,SP,2
33050196000188,13818,2022,12,12,True,5.06294626,3.05130961,5.07000000,3.06000000,21363.83333333,1.03012134,Paulinia 2-Morumbi,CPFL-PAULISTA,7.00000000,6.00000000,0.72327804,0.50855160,2026-09-09,3509502,Campinas,SP,2
33050196000188,13818,2022,12,12,True,5.06294626,3.05130961,5.07000000,3.06000000,21363.83333333,1.03012134,Paulinia 2-Morumbi,CPFL-PAULISTA,7.00000000,6.00000000,0.72327804,0.50855160,2026-09-09,3536505,Paulínia,SP,2
33050196000188,13818,2023,12,12,True,4.23253797,2.24190329,4.23000000,2.24000000,21965.41666667,1.02793785,Paulinia 2-Morumbi,CPFL-PAULISTA,6.00000000,5.00000000,0.70542299,0.44838066,2026-09-09,3509502,Campinas,SP,2
33050196000188,13818,2023,12,12,True,4.23253797,2.24190329,4.23000000,2.24000000,21965.41666667,1.02793785,Paulinia 2-Morumbi,CPFL-PAULISTA,6.00000000,5.00000000,0.70542299,0.44838066,2026-09-09,3536505,Paulínia,SP,2
33050196000188,13818,2024,12,12,True,3.99914474,2.38064125,4.00000000,2.38000000,16735.58333333,1.03039477,Paulinia 2-Morumbi,CPFL-PAULISTA,6.00000000,5.00000000,0.66652412,0.47612825,2026-09-09,3509502,Campinas,SP,2
33050196000188,13818,2024,12,12,True,3.99914474,2.38064125,4.00000000,2.38000000,16735.58333333,1.03039477,Paulinia 2-Morumbi,CPFL-PAULISTA,6.00000000,5.00000000,0.66652412,0.47612825,2026-09-09,3536505,Paulínia,SP,2
33050196000188,13818,2025,12,12,True,3.61489571,2.17872429,3.62000000,2.18000000,17343.25000000,1.04766394,Paulinia 2-Morumbi,CPFL-PAULISTA,6.00000000,5.00000000,0.60248262,0.43574486,2026-09-09,3509502,Campinas,SP,2
33050196000188,13818,2025,12,12,True,3.61489571,2.17872429,3.62000000,2.18000000,17343.25000000,1.04766394,Paulinia 2-Morumbi,CPFL-PAULISTA,6.00000000,5.00000000,0.60248262,0.43574486,2026-09-09,3536505,Paulínia,SP,2
33050196000188,13819,2022,12,12,True,5.01703404,4.25416991,5.03000000,4.27000000,27397.50000000,1.01830571,Paulinia 1,CPFL-PAULISTA,7.00000000,5.00000000,0.71671915,0.85083398,2026-09-09,3501608,Americana,SP,3
33050196000188,13819,2022,12,12,True,5.01703404,4.25416991,5.03000000,4.27000000,27397.50000000,1.01830571,Paulinia 1,CPFL-PAULISTA,7.00000000,5.00000000,0.71671915,0.85083398,2026-09-09,3512803,Cosmópolis,SP,3
33050196000188,13819,2022,12,12,True,5.01703404,4.25416991,5.03000000,4.27000000,27397.50000000,1.01830571,Paulinia 1,CPFL-PAULISTA,7.00000000,5.00000000,0.71671915,0.85083398,2026-09-09,3536505,Paulínia,SP,3
33050196000188,13819,2023,12,12,True,5.82418498,4.07367768,5.83000000,4.08000000,28427.83333333,1.04906559,Paulinia 1,CPFL-PAULISTA,6.00000000,5.00000000,0.97069750,0.81473554,2026-09-09,3501608,Americana,SP,3
33050196000188,13819,2023,12,12,True,5.82418498,4.07367768,5.83000000,4.08000000,28427.83333333,1.04906559,Paulinia 1,CPFL-PAULISTA,6.00000000,5.00000000,0.97069750,0.81473554,2026-09-09,3512803,Cosmópolis,SP,3
33050196000188,13819,2023,12,12,True,5.82418498,4.07367768,5.83000000,4.08000000,28427.83333333,1.04906559,Paulinia 1,CPFL-PAULISTA,6.00000000,5.00000000,0.97069750,0.81473554,2026-09-09,3536505,Paulínia,SP,3
33050196000188,13819,2024,12,12,True,5.12424874,3.52574929,5.13000000,3.53000000,32552.41666667,1.04668289,Paulinia 1,CPFL-PAULISTA,6.00000000,5.00000000,0.85404146,0.70514986,2026-09-09,3501608,Americana,SP,3
33050196000188,13819,2024,12,12,True,5.12424874,3.52574929,5.13000000,3.53000000,32552.41666667,1.04668289,Paulinia 1,CPFL-PAULISTA,6.00000000,5.00000000,0.85404146,0.70514986,2026-09-09,3512803,Cosmópolis,SP,3
33050196000188,13819,2024,12,12,True,5.12424874,3.52574929,5.13000000,3.53000000,32552.41666667,1.04668289,Paulinia 1,CPFL-PAULISTA,6.00000000,5.00000000,0.85404146,0.70514986,2026-09-09,3536505,Paulínia,SP,3
33050196000188,13819,2025,12,12,True,4.51842518,2.97523467,4.51000000,2.97000000,33447.16666667,1.02715863,Paulinia 1,CPFL-PAULISTA,6.00000000,5.00000000,0.75307086,0.59504693,2026-09-09,3501608,Americana,SP,3
33050196000188,13819,2025,12,12,True,4.51842518,2.97523467,4.51000000,2.97000000,33447.16666667,1.02715863,Paulinia 1,CPFL-PAULISTA,6.00000000,5.00000000,0.75307086,0.59504693,2026-09-09,3512803,Cosmópolis,SP,3
33050196000188,13819,2025,12,12,True,4.51842518,2.97523467,4.51000000,2.97000000,33447.16666667,1.02715863,Paulinia 1,CPFL-PAULISTA,6.00000000,5.00000000,0.75307086,0.59504693,2026-09-09,3536505,Paulínia,SP,3
33050196000188,13820,2022,12,12,True,5.54124850,3.43520497,5.55000000,3.44000000,24777.75000000,1.01001988,Cosmopolis 1,CPFL-PAULISTA,7.00000000,5.00000000,0.79160693,0.68704099,2026-09-09,3512803,Cosmópolis,SP,1
33050196000188,13820,2023,12,12,True,5.57379200,3.97499021,5.57000000,3.97000000,25029.00000000,1.01128741,Cosmopolis 1,CPFL-PAULISTA,7.00000000,5.00000000,0.79625600,0.79499804,2026-09-09,3512803,Cosmópolis,SP,1
33050196000188,13820,2024,12,12,True,2.81096166,1.45025052,2.81000000,1.45000000,24678.75000000,1.00797299,Cosmopolis 1,CPFL-PAULISTA,7.00000000,5.00000000,0.40156595,0.29005010,2026-09-09,3512803,Cosmópolis,SP,1
33050196000188,13820,2025,12,12,True,4.01277927,2.77165455,4.01000000,2.77000000,24895.00000000,1.00988900,Cosmopolis 1,CPFL-PAULISTA,7.00000000,5.00000000,0.57325418,0.55433091,2026-09-09,3512803,Cosmópolis,SP,1
33050196000188,13821,2022,12,12,True,3.46009719,2.73960638,3.46000000,2.74000000,25121.58333333,1.00968465,Americana 5-Ipe,CPFL-PAULISTA,6.00000000,5.00000000,0.57668287,0.54792128,2026-09-09,3501608,Americana,SP,2
33050196000188,13821,2022,12,12,True,3.46009719,2.73960638,3.46000000,2.74000000,25121.58333333,1.00968465,Americana 5-Ipe,CPFL-PAULISTA,6.00000000,5.00000000,0.57668287,0.54792128,2026-09-09,3512803,Cosmópolis,SP,2
33050196000188,13821,2023,12,12,True,3.67292079,2.89845371,3.66000000,2.89000000,25647.41666667,1.04544914,Americana 5-Ipe,CPFL-PAULISTA,6.00000000,5.00000000,0.61215347,0.57969074,2026-09-09,3501608,Americana,SP,2
33050196000188,13821,2023,12,12,True,3.67292079,2.89845371,3.66000000,2.89000000,25647.41666667,1.04544914,Americana 5-Ipe,CPFL-PAULISTA,6.00000000,5.00000000,0.61215347,0.57969074,2026-09-09,3512803,Cosmópolis,SP,2
33050196000188,13821,2024,12,12,True,3.23018003,1.87343628,3.24000000,1.88000000,28693.58333333,1.04783045,Americana 5-Ipe,CPFL-PAULISTA,6.00000000,5.00000000,0.53836334,0.37468726,2026-09-09,3501608,Americana,SP,2
33050196000188,13821,2024,12,12,True,3.23018003,1.87343628,3.24000000,1.88000000,28693.58333333,1.04783045,Americana 5-Ipe,CPFL-PAULISTA,6.00000000,5.00000000,0.53836334,0.37468726,2026-09-09,3512803,Cosmópolis,SP,2
33050196000188,13821,2025,12,12,True,2.74879901,1.75044561,2.75000000,1.75000000,28879.58333333,1.01163644,Americana 5-Ipe,CPFL-PAULISTA,6.00000000,5.00000000,0.45813317,0.35008912,2026-09-09,3501608,Americana,SP,2
33050196000188,13821,2025,12,12,True,2.74879901,1.75044561,2.75000000,1.75000000,28879.58333333,1.01163644,Americana 5-Ipe,CPFL-PAULISTA,6.00000000,5.00000000,0.45813317,0.35008912,2026-09-09,3512803,Cosmópolis,SP,2
33050196000188,13822,2022,12,12,True,3.27859456,2.32960228,3.28000000,2.33000000,24950.66666667,1.01055600,Americana 2-Campo Verde,CPFL-PAULISTA,5.00000000,5.00000000,0.65571891,0.46592046,2026-09-09,3501608,Americana,SP,1
33050196000188,13822,2023,12,12,True,2.90945102,2.52855806,2.91000000,2.53000000,25169.25000000,1.01249850,Americana 2-Campo Verde,CPFL-PAULISTA,5.00000000,4.00000000,0.58189020,0.63213952,2026-09-09,3501608,Americana,SP,1
33050196000188,13822,2024,12,12,True,2.94150785,2.05026174,2.94000000,2.05000000,30198.58333333,1.01916324,Americana 2-Campo Verde,CPFL-PAULISTA,5.00000000,4.00000000,0.58830157,0.51256543,2026-09-09,3501608,Americana,SP,1
33050196000188,13822,2025,12,12,True,2.97028558,1.69950169,2.97000000,1.70000000,30472.75000000,1.01579087,Americana 2-Campo Verde,CPFL-PAULISTA,5.00000000,4.00000000,0.59405712,0.42487542,2026-09-09,3501608,Americana,SP,1
33050196000188,13824,2022,12,12,True,4.04596388,2.89128506,4.05000000,2.90000000,17244.91666667,1.03455774,Nova Odessa 2-Fazenda Velha,CPFL-PAULISTA,7.00000000,6.00000000,0.57799484,0.48188084,2026-09-09,3533403,Nova Odessa,SP,2
33050196000188,13824,2022,12,12,True,4.04596388,2.89128506,4.05000000,2.90000000,17244.91666667,1.03455774,Nova Odessa 2-Fazenda Velha,CPFL-PAULISTA,7.00000000,6.00000000,0.57799484,0.48188084,2026-09-09,3552403,Sumaré,SP,2
33050196000188,13824,2023,12,12,True,3.70937068,2.64974947,3.71000000,2.66000000,17855.33333333,1.02783458,Nova Odessa 2-Fazenda Velha,CPFL-PAULISTA,7.00000000,5.00000000,0.52991010,0.52994989,2026-09-09,3533403,Nova Odessa,SP,2
33050196000188,13824,2023,12,12,True,3.70937068,2.64974947,3.71000000,2.66000000,17855.33333333,1.02783458,Nova Odessa 2-Fazenda Velha,CPFL-PAULISTA,7.00000000,5.00000000,0.52991010,0.52994989,2026-09-09,3552403,Sumaré,SP,2
33050196000188,13824,2024,12,12,True,4.68579732,2.77285378,4.69000000,2.77000000,20204.16666667,1.04216014,Nova Odessa 2-Fazenda Velha,CPFL-PAULISTA,7.00000000,5.00000000,0.66939962,0.55457076,2026-09-09,3533403,Nova Odessa,SP,2
33050196000188,13824,2024,12,12,True,4.68579732,2.77285378,4.69000000,2.77000000,20204.16666667,1.04216014,Nova Odessa 2-Fazenda Velha,CPFL-PAULISTA,7.00000000,5.00000000,0.66939962,0.55457076,2026-09-09,3552403,Sumaré,SP,2
33050196000188,13824,2025,12,12,True,3.55605062,2.07879946,3.56000000,2.08000000,20771.16666667,1.01702148,Nova Odessa 2-Fazenda Velha,CPFL-PAULISTA,6.00000000,5.00000000,0.59267510,0.41575989,2026-09-09,3533403,Nova Odessa,SP,2
33050196000188,13824,2025,12,12,True,3.55605062,2.07879946,3.56000000,2.08000000,20771.16666667,1.01702148,Nova Odessa 2-Fazenda Velha,CPFL-PAULISTA,6.00000000,5.00000000,0.59267510,0.41575989,2026-09-09,3552403,Sumaré,SP,2
33050196000188,13826,2022,12,12,True,2.25168643,1.74210425,2.25000000,1.74000000,42487.75000000,1.01088526,Americana 4-Jardim,CPFL-PAULISTA,6.00000000,5.00000000,0.37528107,0.34842085,2026-09-09,3501608,Americana,SP,2
33050196000188,13826,2022,12,12,True,2.25168643,1.74210425,2.25000000,1.74000000,42487.75000000,1.01088526,Americana 4-Jardim,CPFL-PAULISTA,6.00000000,5.00000000,0.37528107,0.34842085,2026-09-09,3545803,Santa Bárbara D'Oeste,SP,2
33050196000188,13826,2023,12,12,True,2.35977210,1.89141311,2.36000000,1.89000000,42986.83333333,1.01306761,Americana 4-Jardim,CPFL-PAULISTA,6.00000000,5.00000000,0.39329535,0.37828262,2026-09-09,3501608,Americana,SP,2
33050196000188,13826,2023,12,12,True,2.35977210,1.89141311,2.36000000,1.89000000,42986.83333333,1.01306761,Americana 4-Jardim,CPFL-PAULISTA,6.00000000,5.00000000,0.39329535,0.37828262,2026-09-09,3545803,Santa Bárbara D'Oeste,SP,2
33050196000188,13826,2024,12,12,True,2.75882053,2.15950716,2.76000000,2.16000000,38856.58333333,1.01397677,Americana 4-Jardim,CPFL-PAULISTA,6.00000000,5.00000000,0.45980342,0.43190143,2026-09-09,3501608,Americana,SP,2
33050196000188,13826,2024,12,12,True,2.75882053,2.15950716,2.76000000,2.16000000,38856.58333333,1.01397677,Americana 4-Jardim,CPFL-PAULISTA,6.00000000,5.00000000,0.45980342,0.43190143,2026-09-09,3545803,Santa Bárbara D'Oeste,SP,2
33050196000188,13826,2025,12,12,True,2.62095577,1.39201474,2.62000000,1.39000000,39618.83333333,1.02770600,Americana 4-Jardim,CPFL-PAULISTA,6.00000000,5.00000000,0.43682596,0.27840295,2026-09-09,3501608,Americana,SP,2
33050196000188,13826,2025,12,12,True,2.62095577,1.39201474,2.62000000,1.39000000,39618.83333333,1.02770600,Americana 4-Jardim,CPFL-PAULISTA,6.00000000,5.00000000,0.43682596,0.27840295,2026-09-09,3545803,Santa Bárbara D'Oeste,SP,2
33050196000188,13829,2022,12,12,True,3.32540258,2.47478702,3.32000000,2.47000000,27214.75000000,1.02237336,Santa Barbara 2-Barbarense,CPFL-PAULISTA,6.00000000,6.00000000,0.55423376,0.41246450,2026-09-09,3545803,Santa Bárbara D'Oeste,SP,3
33050196000188,13829,2022,12,12,True,3.32540258,2.47478702,3.32000000,2.47000000,27214.75000000,1.02237336,Santa Barbara 2-Barbarense,CPFL-PAULISTA,6.00000000,6.00000000,0.55423376,0.41246450,2026-09-09,3552403,Sumaré,SP,3
33050196000188,13829,2023,12,12,True,4.14612894,2.66815128,4.15000000,2.67000000,27781.33333333,1.01396293,Santa Barbara 2-Barbarense,CPFL-PAULISTA,6.00000000,5.00000000,0.69102149,0.53363026,2026-09-09,3545803,Santa Bárbara D'Oeste,SP,3
33050196000188,13829,2023,12,12,True,4.14612894,2.66815128,4.15000000,2.67000000,27781.33333333,1.01396293,Santa Barbara 2-Barbarense,CPFL-PAULISTA,6.00000000,5.00000000,0.69102149,0.53363026,2026-09-09,3552403,Sumaré,SP,3
33050196000188,13829,2024,12,12,True,3.85967036,2.98263301,3.86000000,2.99000000,34284.58333333,1.02588403,Santa Barbara 2-Barbarense,CPFL-PAULISTA,6.00000000,5.00000000,0.64327839,0.59652660,2026-09-09,3545803,Santa Bárbara D'Oeste,SP,3
33050196000188,13829,2024,12,12,True,3.85967036,2.98263301,3.86000000,2.99000000,34284.58333333,1.02588403,Santa Barbara 2-Barbarense,CPFL-PAULISTA,6.00000000,5.00000000,0.64327839,0.59652660,2026-09-09,3552403,Sumaré,SP,3
33050196000188,13829,2025,12,12,True,4.50438417,2.56305096,4.50000000,2.56000000,35029.41666667,1.01691940,Santa Barbara 2-Barbarense,CPFL-PAULISTA,6.00000000,5.00000000,0.75073070,0.51261019,2026-09-09,3545803,Santa Bárbara D'Oeste,SP,3
33050196000188,13829,2025,12,12,True,4.50438417,2.56305096,4.50000000,2.56000000,35029.41666667,1.01691940,Santa Barbara 2-Barbarense,CPFL-PAULISTA,6.00000000,5.00000000,0.75073070,0.51261019,2026-09-09,3552403,Sumaré,SP,3
33050196000188,13830,2022,12,12,True,3.83633709,4.07306585,3.84000000,4.07000000,23770.75000000,1.06838248,Sumare 1,CPFL-PAULISTA,7.00000000,5.00000000,0.54804816,0.81461317,2026-09-09,3519071,Hortolândia,SP,3
33050196000188,13830,2022,12,12,True,3.83633709,4.07306585,3.84000000,4.07000000,23770.75000000,1.06838248,Sumare 1,CPFL-PAULISTA,7.00000000,5.00000000,0.54804816,0.81461317,2026-09-09,3533403,Nova Odessa,SP,3
33050196000188,13830,2022,12,12,True,3.83633709,4.07306585,3.84000000,4.07000000,23770.75000000,1.06838248,Sumare 1,CPFL-PAULISTA,7.00000000,5.00000000,0.54804816,0.81461317,2026-09-09,3552403,Sumaré,SP,3
33050196000188,13830,2023,12,12,True,3.63629732,2.33775018,3.64000000,2.34000000,24384.16666667,1.02254149,Sumare 1,CPFL-PAULISTA,6.00000000,5.00000000,0.60604955,0.46755004,2026-09-09,3519071,Hortolândia,SP,3
33050196000188,13830,2023,12,12,True,3.63629732,2.33775018,3.64000000,2.34000000,24384.16666667,1.02254149,Sumare 1,CPFL-PAULISTA,6.00000000,5.00000000,0.60604955,0.46755004,2026-09-09,3533403,Nova Odessa,SP,3
33050196000188,13830,2023,12,12,True,3.63629732,2.33775018,3.64000000,2.34000000,24384.16666667,1.02254149,Sumare 1,CPFL-PAULISTA,6.00000000,5.00000000,0.60604955,0.46755004,2026-09-09,3552403,Sumaré,SP,3
33050196000188,13830,2024,12,12,True,3.33253588,2.59532989,3.33000000,2.59000000,32810.08333333,1.02291937,Sumare 1,CPFL-PAULISTA,6.00000000,5.00000000,0.55542265,0.51906598,2026-09-09,3519071,Hortolândia,SP,3
33050196000188,13830,2024,12,12,True,3.33253588,2.59532989,3.33000000,2.59000000,32810.08333333,1.02291937,Sumare 1,CPFL-PAULISTA,6.00000000,5.00000000,0.55542265,0.51906598,2026-09-09,3533403,Nova Odessa,SP,3
33050196000188,13830,2024,12,12,True,3.33253588,2.59532989,3.33000000,2.59000000,32810.08333333,1.02291937,Sumare 1,CPFL-PAULISTA,6.00000000,5.00000000,0.55542265,0.51906598,2026-09-09,3552403,Sumaré,SP,3
33050196000188,13830,2025,12,12,True,2.78737002,1.74798635,2.79000000,1.75000000,33450.83333333,1.03235374,Sumare 1,CPFL-PAULISTA,6.00000000,5.00000000,0.46456167,0.34959727,2026-09-09,3519071,Hortolândia,SP,3
33050196000188,13830,2025,12,12,True,2.78737002,1.74798635,2.79000000,1.75000000,33450.83333333,1.03235374,Sumare 1,CPFL-PAULISTA,6.00000000,5.00000000,0.46456167,0.34959727,2026-09-09,3533403,Nova Odessa,SP,3
33050196000188,13830,2025,12,12,True,2.78737002,1.74798635,2.79000000,1.75000000,33450.83333333,1.03235374,Sumare 1,CPFL-PAULISTA,6.00000000,5.00000000,0.46456167,0.34959727,2026-09-09,3552403,Sumaré,SP,3
33050196000188,13831,2022,12,12,True,4.19364420,4.14621032,4.20000000,4.15000000,31516.08333333,1.01233148,Sumare 5-Nova Veneza,CPFL-PAULISTA,7.00000000,6.00000000,0.59909203,0.69103505,2026-09-09,3519071,Hortolândia,SP,4
33050196000188,13831,2022,12,12,True,4.19364420,4.14621032,4.20000000,4.15000000,31516.08333333,1.01233148,Sumare 5-Nova Veneza,CPFL-PAULISTA,7.00000000,6.00000000,0.59909203,0.69103505,2026-09-09,3533403,Nova Odessa,SP,4
33050196000188,13831,2022,12,12,True,4.19364420,4.14621032,4.20000000,4.15000000,31516.08333333,1.01233148,Sumare 5-Nova Veneza,CPFL-PAULISTA,7.00000000,6.00000000,0.59909203,0.69103505,2026-09-09,3536505,Paulínia,SP,4
33050196000188,13831,2022,12,12,True,4.19364420,4.14621032,4.20000000,4.15000000,31516.08333333,1.01233148,Sumare 5-Nova Veneza,CPFL-PAULISTA,7.00000000,6.00000000,0.59909203,0.69103505,2026-09-09,3552403,Sumaré,SP,4
33050196000188,13831,2023,12,12,True,3.19987645,2.38046410,3.20000000,2.38000000,31727.75000000,1.00432668,Sumare 5-Nova Veneza,CPFL-PAULISTA,6.00000000,5.00000000,0.53331274,0.47609282,2026-09-09,3519071,Hortolândia,SP,4
33050196000188,13831,2023,12,12,True,3.19987645,2.38046410,3.20000000,2.38000000,31727.75000000,1.00432668,Sumare 5-Nova Veneza,CPFL-PAULISTA,6.00000000,5.00000000,0.53331274,0.47609282,2026-09-09,3533403,Nova Odessa,SP,4
33050196000188,13831,2023,12,12,True,3.19987645,2.38046410,3.20000000,2.38000000,31727.75000000,1.00432668,Sumare 5-Nova Veneza,CPFL-PAULISTA,6.00000000,5.00000000,0.53331274,0.47609282,2026-09-09,3536505,Paulínia,SP,4
33050196000188,13831,2023,12,12,True,3.19987645,2.38046410,3.20000000,2.38000000,31727.75000000,1.00432668,Sumare 5-Nova Veneza,CPFL-PAULISTA,6.00000000,5.00000000,0.53331274,0.47609282,2026-09-09,3552403,Sumaré,SP,4
33050196000188,13831,2024,12,12,True,2.17704111,1.92921385,2.18000000,1.93000000,25328.16666667,1.03241224,Sumare 5-Nova Veneza,CPFL-PAULISTA,6.00000000,5.00000000,0.36284018,0.38584277,2026-09-09,3519071,Hortolândia,SP,4
33050196000188,13831,2024,12,12,True,2.17704111,1.92921385,2.18000000,1.93000000,25328.16666667,1.03241224,Sumare 5-Nova Veneza,CPFL-PAULISTA,6.00000000,5.00000000,0.36284018,0.38584277,2026-09-09,3533403,Nova Odessa,SP,4
33050196000188,13831,2024,12,12,True,2.17704111,1.92921385,2.18000000,1.93000000,25328.16666667,1.03241224,Sumare 5-Nova Veneza,CPFL-PAULISTA,6.00000000,5.00000000,0.36284018,0.38584277,2026-09-09,3536505,Paulínia,SP,4
33050196000188,13831,2024,12,12,True,2.17704111,1.92921385,2.18000000,1.93000000,25328.16666667,1.03241224,Sumare 5-Nova Veneza,CPFL-PAULISTA,6.00000000,5.00000000,0.36284018,0.38584277,2026-09-09,3552403,Sumaré,SP,4
33050196000188,13831,2025,12,12,True,2.41793069,2.41100801,2.42000000,2.41000000,25897.50000000,1.02025948,Sumare 5-Nova Veneza,CPFL-PAULISTA,6.00000000,5.00000000,0.40298845,0.48220160,2026-09-09,3519071,Hortolândia,SP,4
33050196000188,13831,2025,12,12,True,2.41793069,2.41100801,2.42000000,2.41000000,25897.50000000,1.02025948,Sumare 5-Nova Veneza,CPFL-PAULISTA,6.00000000,5.00000000,0.40298845,0.48220160,2026-09-09,3533403,Nova Odessa,SP,4
33050196000188,13831,2025,12,12,True,2.41793069,2.41100801,2.42000000,2.41000000,25897.50000000,1.02025948,Sumare 5-Nova Veneza,CPFL-PAULISTA,6.00000000,5.00000000,0.40298845,0.48220160,2026-09-09,3536505,Paulínia,SP,4
33050196000188,13831,2025,12,12,True,2.41793069,2.41100801,2.42000000,2.41000000,25897.50000000,1.02025948,Sumare 5-Nova Veneza,CPFL-PAULISTA,6.00000000,5.00000000,0.40298845,0.48220160,2026-09-09,3552403,Sumaré,SP,4
33050196000188,13832,2022,12,12,True,3.45932209,2.42829203,3.46000000,2.43000000,20467.25000000,1.01892278,Sumare 6-Orquidea,CPFL-PAULISTA,6.00000000,5.00000000,0.57655368,0.48565841,2026-09-09,3531803,Monte Mor,SP,3
33050196000188,13832,2022,12,12,True,3.45932209,2.42829203,3.46000000,2.43000000,20467.25000000,1.01892278,Sumare 6-Orquidea,CPFL-PAULISTA,6.00000000,5.00000000,0.57655368,0.48565841,2026-09-09,3533403,Nova Odessa,SP,3
33050196000188,13832,2022,12,12,True,3.45932209,2.42829203,3.46000000,2.43000000,20467.25000000,1.01892278,Sumare 6-Orquidea,CPFL-PAULISTA,6.00000000,5.00000000,0.57655368,0.48565841,2026-09-09,3552403,Sumaré,SP,3
33050196000188,13832,2023,12,12,True,3.92350325,2.41311339,3.92000000,2.41000000,20893.91666667,1.02469553,Sumare 6-Orquidea,CPFL-PAULISTA,6.00000000,5.00000000,0.65391721,0.48262268,2026-09-09,3531803,Monte Mor,SP,3
33050196000188,13832,2023,12,12,True,3.92350325,2.41311339,3.92000000,2.41000000,20893.91666667,1.02469553,Sumare 6-Orquidea,CPFL-PAULISTA,6.00000000,5.00000000,0.65391721,0.48262268,2026-09-09,3533403,Nova Odessa,SP,3
33050196000188,13832,2023,12,12,True,3.92350325,2.41311339,3.92000000,2.41000000,20893.91666667,1.02469553,Sumare 6-Orquidea,CPFL-PAULISTA,6.00000000,5.00000000,0.65391721,0.48262268,2026-09-09,3552403,Sumaré,SP,3
33050196000188,13832,2024,12,12,True,2.97197228,1.68093839,2.97000000,1.68000000,16464.41666667,1.01728471,Sumare 6-Orquidea,CPFL-PAULISTA,6.00000000,5.00000000,0.49532871,0.33618768,2026-09-09,3531803,Monte Mor,SP,3
33050196000188,13832,2024,12,12,True,2.97197228,1.68093839,2.97000000,1.68000000,16464.41666667,1.01728471,Sumare 6-Orquidea,CPFL-PAULISTA,6.00000000,5.00000000,0.49532871,0.33618768,2026-09-09,3533403,Nova Odessa,SP,3
33050196000188,13832,2024,12,12,True,2.97197228,1.68093839,2.97000000,1.68000000,16464.41666667,1.01728471,Sumare 6-Orquidea,CPFL-PAULISTA,6.00000000,5.00000000,0.49532871,0.33618768,2026-09-09,3552403,Sumaré,SP,3
33050196000188,13832,2025,12,12,True,4.28825122,2.67810034,4.29000000,2.68000000,16657.33333333,1.01130114,Sumare 6-Orquidea,CPFL-PAULISTA,6.00000000,5.00000000,0.71470854,0.53562007,2026-09-09,3531803,Monte Mor,SP,3
33050196000188,13832,2025,12,12,True,4.28825122,2.67810034,4.29000000,2.68000000,16657.33333333,1.01130114,Sumare 6-Orquidea,CPFL-PAULISTA,6.00000000,5.00000000,0.71470854,0.53562007,2026-09-09,3533403,Nova Odessa,SP,3
33050196000188,13832,2025,12,12,True,4.28825122,2.67810034,4.29000000,2.68000000,16657.33333333,1.01130114,Sumare 6-Orquidea,CPFL-PAULISTA,6.00000000,5.00000000,0.71470854,0.53562007,2026-09-09,3552403,Sumaré,SP,3
33050196000188,13833,2022,12,12,True,1.86888419,1.51791878,1.87000000,1.52000000,17786.08333333,1.00830743,Sumare 2-Tres M,CPFL-PAULISTA,8.00000000,7.00000000,0.23361052,0.21684554,2026-09-09,3509502,Campinas,SP,3
33050196000188,13833,2022,12,12,True,1.86888419,1.51791878,1.87000000,1.52000000,17786.08333333,1.00830743,Sumare 2-Tres M,CPFL-PAULISTA,8.00000000,7.00000000,0.23361052,0.21684554,2026-09-09,3536505,Paulínia,SP,3
33050196000188,13833,2022,12,12,True,1.86888419,1.51791878,1.87000000,1.52000000,17786.08333333,1.00830743,Sumare 2-Tres M,CPFL-PAULISTA,8.00000000,7.00000000,0.23361052,0.21684554,2026-09-09,3552403,Sumaré,SP,3
33050196000188,13833,2023,12,12,True,3.07820100,4.09536637,3.08000000,4.10000000,17850.66666667,1.01977835,Sumare 2-Tres M,CPFL-PAULISTA,7.00000000,6.00000000,0.43974300,0.68256106,2026-09-09,3509502,Campinas,SP,3
33050196000188,13833,2023,12,12,True,3.07820100,4.09536637,3.08000000,4.10000000,17850.66666667,1.01977835,Sumare 2-Tres M,CPFL-PAULISTA,7.00000000,6.00000000,0.43974300,0.68256106,2026-09-09,3536505,Paulínia,SP,3
33050196000188,13833,2023,12,12,True,3.07820100,4.09536637,3.08000000,4.10000000,17850.66666667,1.01977835,Sumare 2-Tres M,CPFL-PAULISTA,7.00000000,6.00000000,0.43974300,0.68256106,2026-09-09,3552403,Sumaré,SP,3
33050196000188,13833,2024,12,12,True,3.64886050,3.29185579,3.66000000,3.30000000,16829.75000000,1.01875262,Sumare 2-Tres M,CPFL-PAULISTA,7.00000000,6.00000000,0.52126579,0.54864263,2026-09-09,3509502,Campinas,SP,3
33050196000188,13833,2024,12,12,True,3.64886050,3.29185579,3.66000000,3.30000000,16829.75000000,1.01875262,Sumare 2-Tres M,CPFL-PAULISTA,7.00000000,6.00000000,0.52126579,0.54864263,2026-09-09,3536505,Paulínia,SP,3
33050196000188,13833,2024,12,12,True,3.64886050,3.29185579,3.66000000,3.30000000,16829.75000000,1.01875262,Sumare 2-Tres M,CPFL-PAULISTA,7.00000000,6.00000000,0.52126579,0.54864263,2026-09-09,3552403,Sumaré,SP,3
33050196000188,13833,2025,12,12,True,1.97391404,1.01781543,1.98000000,1.02000000,17252.83333333,1.02094947,Sumare 2-Tres M,CPFL-PAULISTA,7.00000000,5.00000000,0.28198772,0.20356309,2026-09-09,3509502,Campinas,SP,3
33050196000188,13833,2025,12,12,True,1.97391404,1.01781543,1.98000000,1.02000000,17252.83333333,1.02094947,Sumare 2-Tres M,CPFL-PAULISTA,7.00000000,5.00000000,0.28198772,0.20356309,2026-09-09,3536505,Paulínia,SP,3
33050196000188,13833,2025,12,12,True,1.97391404,1.01781543,1.98000000,1.02000000,17252.83333333,1.02094947,Sumare 2-Tres M,CPFL-PAULISTA,7.00000000,5.00000000,0.28198772,0.20356309,2026-09-09,3552403,Sumaré,SP,3
33050196000188,13834,2022,12,12,True,4.40638450,3.31769837,4.41000000,3.32000000,32488.58333333,1.01678187,Sumare 4-Nova Aparecida,CPFL-PAULISTA,7.00000000,6.00000000,0.62948350,0.55294973,2026-09-09,3519071,Hortolândia,SP,2
33050196000188,13834,2022,12,12,True,4.40638450,3.31769837,4.41000000,3.32000000,32488.58333333,1.01678187,Sumare 4-Nova Aparecida,CPFL-PAULISTA,7.00000000,6.00000000,0.62948350,0.55294973,2026-09-09,3552403,Sumaré,SP,2
33050196000188,13834,2023,12,12,True,4.12209856,3.04848458,4.12000000,3.05000000,33203.75000000,1.02134667,Sumare 4-Nova Aparecida,CPFL-PAULISTA,6.00000000,5.00000000,0.68701643,0.60969692,2026-09-09,3519071,Hortolândia,SP,2
33050196000188,13834,2023,12,12,True,4.12209856,3.04848458,4.12000000,3.05000000,33203.75000000,1.02134667,Sumare 4-Nova Aparecida,CPFL-PAULISTA,6.00000000,5.00000000,0.68701643,0.60969692,2026-09-09,3552403,Sumaré,SP,2
33050196000188,13834,2024,12,12,True,3.38886336,1.85890887,3.39000000,1.86000000,29556.50000000,1.01995755,Sumare 4-Nova Aparecida,CPFL-PAULISTA,6.00000000,5.00000000,0.56481056,0.37178177,2026-09-09,3519071,Hortolândia,SP,2
33050196000188,13834,2024,12,12,True,3.38886336,1.85890887,3.39000000,1.86000000,29556.50000000,1.01995755,Sumare 4-Nova Aparecida,CPFL-PAULISTA,6.00000000,5.00000000,0.56481056,0.37178177,2026-09-09,3552403,Sumaré,SP,2
33050196000188,13834,2025,12,12,True,3.35038430,2.18025010,3.35000000,2.18000000,29861.58333333,1.00772979,Sumare 4-Nova Aparecida,CPFL-PAULISTA,6.00000000,5.00000000,0.55839738,0.43605002,2026-09-09,3519071,Hortolândia,SP,2
33050196000188,13834,2025,12,12,True,3.35038430,2.18025010,3.35000000,2.18000000,29861.58333333,1.00772979,Sumare 4-Nova Aparecida,CPFL-PAULISTA,6.00000000,5.00000000,0.55839738,0.43605002,2026-09-09,3552403,Sumaré,SP,2
33050196000188,13835,2022,12,12,True,4.77235984,3.22086308,4.77000000,3.22000000,29740.41666667,1.02581785,Sumare 3-Quilombo,CPFL-PAULISTA,7.00000000,6.00000000,0.68176569,0.53681051,2026-09-09,3509502,Campinas,SP,3
33050196000188,13835,2022,12,12,True,4.77235984,3.22086308,4.77000000,3.22000000,29740.41666667,1.02581785,Sumare 3-Quilombo,CPFL-PAULISTA,7.00000000,6.00000000,0.68176569,0.53681051,2026-09-09,3519071,Hortolândia,SP,3
33050196000188,13835,2022,12,12,True,4.77235984,3.22086308,4.77000000,3.22000000,29740.41666667,1.02581785,Sumare 3-Quilombo,CPFL-PAULISTA,7.00000000,6.00000000,0.68176569,0.53681051,2026-09-09,3552403,Sumaré,SP,3
33050196000188,13835,2023,12,12,True,3.71449050,2.27380617,3.71000000,2.27000000,30073.50000000,1.01796246,Sumare 3-Quilombo,CPFL-PAULISTA,6.00000000,5.00000000,0.61908175,0.45476123,2026-09-09,3509502,Campinas,SP,3
33050196000188,13835,2023,12,12,True,3.71449050,2.27380617,3.71000000,2.27000000,30073.50000000,1.01796246,Sumare 3-Quilombo,CPFL-PAULISTA,6.00000000,5.00000000,0.61908175,0.45476123,2026-09-09,3519071,Hortolândia,SP,3
33050196000188,13835,2023,12,12,True,3.71449050,2.27380617,3.71000000,2.27000000,30073.50000000,1.01796246,Sumare 3-Quilombo,CPFL-PAULISTA,6.00000000,5.00000000,0.61908175,0.45476123,2026-09-09,3552403,Sumaré,SP,3
33050196000188,13835,2024,12,12,True,3.70602993,2.92529265,3.71000000,2.93000000,38886.00000000,1.01631211,Sumare 3-Quilombo,CPFL-PAULISTA,6.00000000,5.00000000,0.61767166,0.58505853,2026-09-09,3509502,Campinas,SP,3
33050196000188,13835,2024,12,12,True,3.70602993,2.92529265,3.71000000,2.93000000,38886.00000000,1.01631211,Sumare 3-Quilombo,CPFL-PAULISTA,6.00000000,5.00000000,0.61767166,0.58505853,2026-09-09,3519071,Hortolândia,SP,3
33050196000188,13835,2024,12,12,True,3.70602993,2.92529265,3.71000000,2.93000000,38886.00000000,1.01631211,Sumare 3-Quilombo,CPFL-PAULISTA,6.00000000,5.00000000,0.61767166,0.58505853,2026-09-09,3552403,Sumaré,SP,3
33050196000188,13835,2025,12,12,True,4.09107119,3.38959898,4.09000000,3.39000000,39174.66666667,1.01177497,Sumare 3-Quilombo,CPFL-PAULISTA,6.00000000,5.00000000,0.68184520,0.67791980,2026-09-09,3509502,Campinas,SP,3
33050196000188,13835,2025,12,12,True,4.09107119,3.38959898,4.09000000,3.39000000,39174.66666667,1.01177497,Sumare 3-Quilombo,CPFL-PAULISTA,6.00000000,5.00000000,0.68184520,0.67791980,2026-09-09,3519071,Hortolândia,SP,3
33050196000188,13835,2025,12,12,True,4.09107119,3.38959898,4.09000000,3.39000000,39174.66666667,1.01177497,Sumare 3-Quilombo,CPFL-PAULISTA,6.00000000,5.00000000,0.68184520,0.67791980,2026-09-09,3552403,Sumaré,SP,3
33050196000188,13836,2022,12,12,True,5.13007656,4.95410783,5.15000000,4.97000000,56392.91666667,1.03957349,Hortolandia 1,CPFL-PAULISTA,7.00000000,6.00000000,0.73286808,0.82568464,2026-09-09,3509502,Campinas,SP,4
33050196000188,13836,2022,12,12,True,5.13007656,4.95410783,5.15000000,4.97000000,56392.91666667,1.03957349,Hortolandia 1,CPFL-PAULISTA,7.00000000,6.00000000,0.73286808,0.82568464,2026-09-09,3519071,Hortolândia,SP,4
33050196000188,13836,2022,12,12,True,5.13007656,4.95410783,5.15000000,4.97000000,56392.91666667,1.03957349,Hortolandia 1,CPFL-PAULISTA,7.00000000,6.00000000,0.73286808,0.82568464,2026-09-09,3531803,Monte Mor,SP,4
33050196000188,13836,2022,12,12,True,5.13007656,4.95410783,5.15000000,4.97000000,56392.91666667,1.03957349,Hortolandia 1,CPFL-PAULISTA,7.00000000,6.00000000,0.73286808,0.82568464,2026-09-09,3552403,Sumaré,SP,4
33050196000188,13836,2023,12,12,True,3.74181146,2.10963701,3.74000000,2.11000000,58192.33333333,1.02555061,Hortolandia 1,CPFL-PAULISTA,7.00000000,5.00000000,0.53454449,0.42192740,2026-09-09,3509502,Campinas,SP,4
33050196000188,13836,2023,12,12,True,3.74181146,2.10963701,3.74000000,2.11000000,58192.33333333,1.02555061,Hortolandia 1,CPFL-PAULISTA,7.00000000,5.00000000,0.53454449,0.42192740,2026-09-09,3519071,Hortolândia,SP,4
33050196000188,13836,2023,12,12,True,3.74181146,2.10963701,3.74000000,2.11000000,58192.33333333,1.02555061,Hortolandia 1,CPFL-PAULISTA,7.00000000,5.00000000,0.53454449,0.42192740,2026-09-09,3531803,Monte Mor,SP,4
33050196000188,13836,2023,12,12,True,3.74181146,2.10963701,3.74000000,2.11000000,58192.33333333,1.02555061,Hortolandia 1,CPFL-PAULISTA,7.00000000,5.00000000,0.53454449,0.42192740,2026-09-09,3552403,Sumaré,SP,4
33050196000188,13836,2024,12,12,True,3.64142144,2.28196291,3.64000000,2.28000000,48861.16666667,1.03563959,Hortolandia 1,CPFL-PAULISTA,7.00000000,5.00000000,0.52020306,0.45639258,2026-09-09,3509502,Campinas,SP,4
33050196000188,13836,2024,12,12,True,3.64142144,2.28196291,3.64000000,2.28000000,48861.16666667,1.03563959,Hortolandia 1,CPFL-PAULISTA,7.00000000,5.00000000,0.52020306,0.45639258,2026-09-09,3519071,Hortolândia,SP,4
33050196000188,13836,2024,12,12,True,3.64142144,2.28196291,3.64000000,2.28000000,48861.16666667,1.03563959,Hortolandia 1,CPFL-PAULISTA,7.00000000,5.00000000,0.52020306,0.45639258,2026-09-09,3531803,Monte Mor,SP,4
33050196000188,13836,2024,12,12,True,3.64142144,2.28196291,3.64000000,2.28000000,48861.16666667,1.03563959,Hortolandia 1,CPFL-PAULISTA,7.00000000,5.00000000,0.52020306,0.45639258,2026-09-09,3552403,Sumaré,SP,4
33050196000188,13836,2025,12,12,True,4.33576258,3.88677749,4.33000000,3.88000000,50349.00000000,1.03113956,Hortolandia 1,CPFL-PAULISTA,6.00000000,5.00000000,0.72262710,0.77735550,2026-09-09,3509502,Campinas,SP,4
33050196000188,13836,2025,12,12,True,4.33576258,3.88677749,4.33000000,3.88000000,50349.00000000,1.03113956,Hortolandia 1,CPFL-PAULISTA,6.00000000,5.00000000,0.72262710,0.77735550,2026-09-09,3519071,Hortolândia,SP,4
33050196000188,13836,2025,12,12,True,4.33576258,3.88677749,4.33000000,3.88000000,50349.00000000,1.03113956,Hortolandia 1,CPFL-PAULISTA,6.00000000,5.00000000,0.72262710,0.77735550,2026-09-09,3531803,Monte Mor,SP,4
33050196000188,13836,2025,12,12,True,4.33576258,3.88677749,4.33000000,3.88000000,50349.00000000,1.03113956,Hortolandia 1,CPFL-PAULISTA,6.00000000,5.00000000,0.72262710,0.77735550,2026-09-09,3552403,Sumaré,SP,4
33050196000188,13837,2022,12,12,True,4.28699956,4.64139581,4.29000000,4.64000000,30720.50000000,1.02962304,Hortolandia 2-Morro Azul,CPFL-PAULISTA,8.00000000,6.00000000,0.53587495,0.77356597,2026-09-09,3509502,Campinas,SP,2
33050196000188,13837,2022,12,12,True,4.28699956,4.64139581,4.29000000,4.64000000,30720.50000000,1.02962304,Hortolandia 2-Morro Azul,CPFL-PAULISTA,8.00000000,6.00000000,0.53587495,0.77356597,2026-09-09,3519071,Hortolândia,SP,2
33050196000188,13837,2023,12,12,True,3.49192467,2.53807422,3.49000000,2.54000000,31675.50000000,1.02373963,Hortolandia 2-Morro Azul,CPFL-PAULISTA,7.00000000,5.00000000,0.49884638,0.50761484,2026-09-09,3509502,Campinas,SP,2
33050196000188,13837,2023,12,12,True,3.49192467,2.53807422,3.49000000,2.54000000,31675.50000000,1.02373963,Hortolandia 2-Morro Azul,CPFL-PAULISTA,7.00000000,5.00000000,0.49884638,0.50761484,2026-09-09,3519071,Hortolândia,SP,2
33050196000188,13837,2024,12,12,True,3.56717319,2.25087637,3.57000000,2.25000000,43044.08333333,1.02893913,Hortolandia 2-Morro Azul,CPFL-PAULISTA,7.00000000,5.00000000,0.50959617,0.45017527,2026-09-09,3509502,Campinas,SP,2
33050196000188,13837,2024,12,12,True,3.56717319,2.25087637,3.57000000,2.25000000,43044.08333333,1.02893913,Hortolandia 2-Morro Azul,CPFL-PAULISTA,7.00000000,5.00000000,0.50959617,0.45017527,2026-09-09,3519071,Hortolândia,SP,2
33050196000188,13837,2025,12,12,True,3.06782354,1.78353216,3.07000000,1.79000000,44324.58333333,1.03651274,Hortolandia 2-Morro Azul,CPFL-PAULISTA,7.00000000,5.00000000,0.43826051,0.35670643,2026-09-09,3509502,Campinas,SP,2
33050196000188,13837,2025,12,12,True,3.06782354,1.78353216,3.07000000,1.79000000,44324.58333333,1.03651274,Hortolandia 2-Morro Azul,CPFL-PAULISTA,7.00000000,5.00000000,0.43826051,0.35670643,2026-09-09,3519071,Hortolândia,SP,2
33050196000188,13840,2022,12,12,True,5.79067784,3.35974016,5.80000000,3.36000000,26285.75000000,1.01940705,Capivari 1,CPFL-PAULISTA,6.00000000,5.00000000,0.96511297,0.67194803,2026-09-09,3545803,Santa Bárbara D'Oeste,SP,6
33050196000188,13840,2023,12,12,True,3.73222482,1.98962857,3.73000000,1.99000000,26790.58333333,1.01693703,Capivari 1,CPFL-PAULISTA,6.00000000,5.00000000,0.62203747,0.39792571,2026-09-09,3545803,Santa Bárbara D'Oeste,SP,6
33050196000188,13840,2024,12,12,True,4.13494226,2.52535249,4.14000000,2.53000000,27226.58333333,1.01880576,Capivari 1,CPFL-PAULISTA,6.00000000,5.00000000,0.68915704,0.50507050,2026-09-09,3545803,Santa Bárbara D'Oeste,SP,6
33050196000188,13840,2025,12,12,True,5.01807864,2.90800735,5.02000000,2.91000000,27693.08333333,1.01559263,Capivari 1,CPFL-PAULISTA,6.00000000,5.00000000,0.83634644,0.58160147,2026-09-09,3545803,Santa Bárbara D'Oeste,SP,6
33050196000188,13841,2022,12,12,True,3.70192270,2.50238354,3.69000000,2.49000000,12542.25000000,1.02459479,Rio das Pedras 1,CPFL-PAULISTA,7.00000000,6.00000000,0.52884610,0.41706392,2026-09-09,3545803,Santa Bárbara D'Oeste,SP,4
33050196000188,13841,2023,12,12,True,3.16438793,1.63240238,3.16000000,1.63000000,12798.75000000,1.01108316,Rio das Pedras 1,CPFL-PAULISTA,6.00000000,5.00000000,0.52739799,0.32648048,2026-09-09,3545803,Santa Bárbara D'Oeste,SP,4
33050196000188,13841,2024,12,12,True,5.16155985,3.24670020,5.16000000,3.24000000,12956.33333333,1.01421690,Rio das Pedras 1,CPFL-PAULISTA,6.00000000,5.00000000,0.86025998,0.64934004,2026-09-09,3545803,Santa Bárbara D'Oeste,SP,4
33050196000188,13841,2025,12,12,True,4.33142556,2.08928497,4.33000000,2.09000000,13110.08333333,1.01365554,Rio das Pedras 1,CPFL-PAULISTA,6.00000000,5.00000000,0.72190426,0.41785699,2026-09-09,3545803,Santa Bárbara D'Oeste,SP,4
33050196000188,13843,2022,12,12,True,4.63207225,2.95152665,4.63000000,2.95000000,17302.08333333,1.02698273,Piracicaba 4-Unileste,CPFL-PAULISTA,7.00000000,6.00000000,0.66172461,0.49192111,2026-09-09,3545803,Santa Bárbara D'Oeste,SP,3
33050196000188,13843,2023,12,12,True,4.72661587,2.33369207,4.72000000,2.33000000,17936.16666667,1.04397924,Piracicaba 4-Unileste,CPFL-PAULISTA,6.00000000,5.00000000,0.78776931,0.46673841,2026-09-09,3545803,Santa Bárbara D'Oeste,SP,3
33050196000188,13843,2024,12,12,True,5.78825413,4.76956584,5.80000000,4.80000000,15426.41666667,1.05299554,Piracicaba 4-Unileste,CPFL-PAULISTA,6.00000000,5.00000000,0.96470902,0.95391317,2026-09-09,3545803,Santa Bárbara D'Oeste,SP,3
33050196000188,13843,2025,12,12,True,5.35659793,2.97146136,5.36000000,2.97000000,15990.25000000,1.02200721,Piracicaba 4-Unileste,CPFL-PAULISTA,6.00000000,5.00000000,0.89276632,0.59429227,2026-09-09,3545803,Santa Bárbara D'Oeste,SP,3
33050196000188,16433,2022,12,12,True,2.52009588,2.21962313,2.52000000,2.22000000,34627.00000000,1.00515210,Americana 1,CPFL-PAULISTA,6.00000000,5.00000000,0.42001598,0.44392463,2026-09-09,3501608,Americana,SP,3
33050196000188,16433,2022,12,12,True,2.52009588,2.21962313,2.52000000,2.22000000,34627.00000000,1.00515210,Americana 1,CPFL-PAULISTA,6.00000000,5.00000000,0.42001598,0.44392463,2026-09-09,3533403,Nova Odessa,SP,3
33050196000188,16433,2022,12,12,True,2.52009588,2.21962313,2.52000000,2.22000000,34627.00000000,1.00515210,Americana 1,CPFL-PAULISTA,6.00000000,5.00000000,0.42001598,0.44392463,2026-09-09,3545803,Santa Bárbara D'Oeste,SP,3
33050196000188,16433,2023,12,12,True,2.81984336,1.92930346,2.82000000,1.93000000,34858.00000000,1.00756639,Americana 1,CPFL-PAULISTA,5.00000000,4.00000000,0.56396867,0.48232586,2026-09-09,3501608,Americana,SP,3
33050196000188,16433,2023,12,12,True,2.81984336,1.92930346,2.82000000,1.93000000,34858.00000000,1.00756639,Americana 1,CPFL-PAULISTA,5.00000000,4.00000000,0.56396867,0.48232586,2026-09-09,3533403,Nova Odessa,SP,3
33050196000188,16433,2023,12,12,True,2.81984336,1.92930346,2.82000000,1.93000000,34858.00000000,1.00756639,Americana 1,CPFL-PAULISTA,5.00000000,4.00000000,0.56396867,0.48232586,2026-09-09,3545803,Santa Bárbara D'Oeste,SP,3
33050196000188,16433,2024,12,12,True,2.24147933,1.68923471,2.24000000,1.69000000,34371.41666667,1.01487938,Americana 1,CPFL-PAULISTA,5.00000000,4.00000000,0.44829587,0.42230868,2026-09-09,3501608,Americana,SP,3
33050196000188,16433,2024,12,12,True,2.24147933,1.68923471,2.24000000,1.69000000,34371.41666667,1.01487938,Americana 1,CPFL-PAULISTA,5.00000000,4.00000000,0.44829587,0.42230868,2026-09-09,3533403,Nova Odessa,SP,3
33050196000188,16433,2024,12,12,True,2.24147933,1.68923471,2.24000000,1.69000000,34371.41666667,1.01487938,Americana 1,CPFL-PAULISTA,5.00000000,4.00000000,0.44829587,0.42230868,2026-09-09,3545803,Santa Bárbara D'Oeste,SP,3
33050196000188,16433,2025,12,12,True,3.55194724,1.87142256,3.55000000,1.87000000,34687.50000000,1.00760401,Americana 1,CPFL-PAULISTA,5.00000000,4.00000000,0.71038945,0.46785564,2026-09-09,3501608,Americana,SP,3
33050196000188,16433,2025,12,12,True,3.55194724,1.87142256,3.55000000,1.87000000,34687.50000000,1.00760401,Americana 1,CPFL-PAULISTA,5.00000000,4.00000000,0.71038945,0.46785564,2026-09-09,3533403,Nova Odessa,SP,3
33050196000188,16433,2025,12,12,True,3.55194724,1.87142256,3.55000000,1.87000000,34687.50000000,1.00760401,Americana 1,CPFL-PAULISTA,5.00000000,4.00000000,0.71038945,0.46785564,2026-09-09,3545803,Santa Bárbara D'Oeste,SP,3
33050196000188,16434,2022,12,12,True,6.52973988,3.85771514,6.53000000,3.86000000,34957.66666667,1.00896088,Amparo 1,CPFL-PAULISTA,7.00000000,5.00000000,0.93281998,0.77154303,2026-09-09,3532009,Morungaba,SP,6
33050196000188,16434,2023,12,12,True,5.93918178,3.38982459,5.94000000,3.39000000,35259.50000000,1.00960305,Amparo 1,CPFL-PAULISTA,6.00000000,5.00000000,0.98986363,0.67796492,2026-09-09,3532009,Morungaba,SP,6
33050196000188,16434,2024,12,12,True,5.86844243,3.14824632,5.87000000,3.15000000,35693.50000000,1.01498392,Amparo 1,CPFL-PAULISTA,6.00000000,5.00000000,0.97807374,0.62964926,2026-09-09,3532009,Morungaba,SP,6
33050196000188,16434,2025,12,12,True,5.26162122,2.62262168,5.26000000,2.62000000,36353.33333333,1.01704609,Amparo 1,CPFL-PAULISTA,6.00000000,5.00000000,0.87693687,0.52452434,2026-09-09,3532009,Morungaba,SP,6
33050196000188,16440,2022,12,12,True,3.77893464,3.37136703,3.78000000,3.37000000,69497.50000000,1.01277613,Campinas 5-Andorinha,CPFL-PAULISTA,7.00000000,5.00000000,0.53984781,0.67427341,2026-09-09,3509502,Campinas,SP,2
33050196000188,16440,2022,12,12,True,3.77893464,3.37136703,3.78000000,3.37000000,69497.50000000,1.01277613,Campinas 5-Andorinha,CPFL-PAULISTA,7.00000000,5.00000000,0.53984781,0.67427341,2026-09-09,3556206,Valinhos,SP,2
33050196000188,16440,2023,12,12,True,3.73163323,2.20222159,3.73000000,2.20000000,70092.33333333,1.03168566,Campinas 5-Andorinha,CPFL-PAULISTA,6.00000000,5.00000000,0.62193887,0.44044432,2026-09-09,3509502,Campinas,SP,2
33050196000188,16440,2023,12,12,True,3.73163323,2.20222159,3.73000000,2.20000000,70092.33333333,1.03168566,Campinas 5-Andorinha,CPFL-PAULISTA,6.00000000,5.00000000,0.62193887,0.44044432,2026-09-09,3556206,Valinhos,SP,2
33050196000188,16440,2024,12,12,True,3.77485554,2.55180463,3.77000000,2.55000000,68623.33333333,1.02775845,Campinas 5-Andorinha,CPFL-PAULISTA,6.00000000,5.00000000,0.62914259,0.51036093,2026-09-09,3509502,Campinas,SP,2
33050196000188,16440,2024,12,12,True,3.77485554,2.55180463,3.77000000,2.55000000,68623.33333333,1.02775845,Campinas 5-Andorinha,CPFL-PAULISTA,6.00000000,5.00000000,0.62914259,0.51036093,2026-09-09,3556206,Valinhos,SP,2
33050196000188,16440,2025,12,12,True,3.96995632,2.47911677,3.97000000,2.48000000,69842.08333333,1.01247964,Campinas 5-Andorinha,CPFL-PAULISTA,6.00000000,5.00000000,0.66165939,0.49582335,2026-09-09,3509502,Campinas,SP,2
33050196000188,16440,2025,12,12,True,3.96995632,2.47911677,3.97000000,2.48000000,69842.08333333,1.01247964,Campinas 5-Andorinha,CPFL-PAULISTA,6.00000000,5.00000000,0.66165939,0.49582335,2026-09-09,3556206,Valinhos,SP,2
33050196000188,16441,2022,12,12,True,7.93205952,3.57795078,7.93000000,3.58000000,21117.75000000,1.02483341,Campinas 7-Tanquinho,CPFL-PAULISTA,8.00000000,6.00000000,0.99150744,0.59632513,2026-09-09,3509502,Campinas,SP,2
33050196000188,16441,2022,12,12,True,7.93205952,3.57795078,7.93000000,3.58000000,21117.75000000,1.02483341,Campinas 7-Tanquinho,CPFL-PAULISTA,8.00000000,6.00000000,0.99150744,0.59632513,2026-09-09,3536505,Paulínia,SP,2
33050196000188,16441,2023,12,12,True,6.06310656,3.04537148,6.07000000,3.07000000,21078.00000000,1.15433257,Campinas 7-Tanquinho,CPFL-PAULISTA,7.00000000,5.00000000,0.86615808,0.60907430,2026-09-09,3509502,Campinas,SP,2
33050196000188,16441,2023,12,12,True,6.06310656,3.04537148,6.07000000,3.07000000,21078.00000000,1.15433257,Campinas 7-Tanquinho,CPFL-PAULISTA,7.00000000,5.00000000,0.86615808,0.60907430,2026-09-09,3536505,Paulínia,SP,2
33050196000188,16441,2024,12,12,True,6.06651006,3.25548800,6.07000000,3.26000000,26954.41666667,1.05230968,Campinas 7-Tanquinho,CPFL-PAULISTA,7.00000000,5.00000000,0.86664429,0.65109760,2026-09-09,3509502,Campinas,SP,2
33050196000188,16441,2024,12,12,True,6.06651006,3.25548800,6.07000000,3.26000000,26954.41666667,1.05230968,Campinas 7-Tanquinho,CPFL-PAULISTA,7.00000000,5.00000000,0.86664429,0.65109760,2026-09-09,3536505,Paulínia,SP,2
33050196000188,16441,2025,12,12,True,6.44926904,3.13164380,6.46000000,3.13000000,27330.41666667,1.03174959,Campinas 7-Tanquinho,CPFL-PAULISTA,6.00000000,5.00000000,1.07487817,0.62632876,2026-09-09,3509502,Campinas,SP,2
33050196000188,16441,2025,12,12,True,6.44926904,3.13164380,6.46000000,3.13000000,27330.41666667,1.03174959,Campinas 7-Tanquinho,CPFL-PAULISTA,6.00000000,5.00000000,1.07487817,0.62632876,2026-09-09,3536505,Paulínia,SP,2
33050196000188,16452,2022,12,12,True,6.76522880,3.25350357,6.76000000,3.25000000,26218.25000000,1.02617943,Monte Mor 1,CPFL-PAULISTA,7.00000000,6.00000000,0.96646126,0.54225060,2026-09-09,3531803,Monte Mor,SP,4
33050196000188,16452,2022,12,12,True,6.76522880,3.25350357,6.76000000,3.25000000,26218.25000000,1.02617943,Monte Mor 1,CPFL-PAULISTA,7.00000000,6.00000000,0.96646126,0.54225060,2026-09-09,3552403,Sumaré,SP,4
33050196000188,16452,2023,12,12,True,5.15263035,2.63894970,5.15000000,2.64000000,26801.83333333,1.01803464,Monte Mor 1,CPFL-PAULISTA,7.00000000,6.00000000,0.73609005,0.43982495,2026-09-09,3531803,Monte Mor,SP,4
33050196000188,16452,2023,12,12,True,5.15263035,2.63894970,5.15000000,2.64000000,26801.83333333,1.01803464,Monte Mor 1,CPFL-PAULISTA,7.00000000,6.00000000,0.73609005,0.43982495,2026-09-09,3552403,Sumaré,SP,4
33050196000188,16452,2024,12,12,True,5.67056520,3.47671640,5.66000000,3.47000000,35080.41666667,1.03023646,Monte Mor 1,CPFL-PAULISTA,7.00000000,6.00000000,0.81008074,0.57945273,2026-09-09,3531803,Monte Mor,SP,4
33050196000188,16452,2024,12,12,True,5.67056520,3.47671640,5.66000000,3.47000000,35080.41666667,1.03023646,Monte Mor 1,CPFL-PAULISTA,7.00000000,6.00000000,0.81008074,0.57945273,2026-09-09,3552403,Sumaré,SP,4
33050196000188,16452,2025,12,12,True,5.74847438,3.17171865,5.75000000,3.17000000,36005.00000000,1.02162950,Monte Mor 1,CPFL-PAULISTA,7.00000000,6.00000000,0.82121063,0.52861978,2026-09-09,3531803,Monte Mor,SP,4
33050196000188,16452,2025,12,12,True,5.74847438,3.17171865,5.75000000,3.17000000,36005.00000000,1.02162950,Monte Mor 1,CPFL-PAULISTA,7.00000000,6.00000000,0.82121063,0.52861978,2026-09-09,3552403,Sumaré,SP,4
33050196000188,16461,2022,12,12,True,2.72001689,2.50296947,2.72000000,2.50000000,39476.16666667,1.02580912,Santa Barbara Doeste 1,CPFL-PAULISTA,6.00000000,5.00000000,0.45333615,0.50059389,2026-09-09,3501608,Americana,SP,2
33050196000188,16461,2022,12,12,True,2.72001689,2.50296947,2.72000000,2.50000000,39476.16666667,1.02580912,Santa Barbara Doeste 1,CPFL-PAULISTA,6.00000000,5.00000000,0.45333615,0.50059389,2026-09-09,3545803,Santa Bárbara D'Oeste,SP,2
33050196000188,16461,2023,12,12,True,3.23130598,2.86984638,3.23000000,2.87000000,39942.41666667,1.01325719,Santa Barbara Doeste 1,CPFL-PAULISTA,6.00000000,4.00000000,0.53855100,0.71746160,2026-09-09,3501608,Americana,SP,2
33050196000188,16461,2023,12,12,True,3.23130598,2.86984638,3.23000000,2.87000000,39942.41666667,1.01325719,Santa Barbara Doeste 1,CPFL-PAULISTA,6.00000000,4.00000000,0.53855100,0.71746160,2026-09-09,3545803,Santa Bárbara D'Oeste,SP,2
33050196000188,16461,2024,12,12,True,2.44152987,1.58011993,2.44000000,1.58000000,33976.75000000,1.02077134,Santa Barbara Doeste 1,CPFL-PAULISTA,6.00000000,4.00000000,0.40692164,0.39502998,2026-09-09,3501608,Americana,SP,2
33050196000188,16461,2024,12,12,True,2.44152987,1.58011993,2.44000000,1.58000000,33976.75000000,1.02077134,Santa Barbara Doeste 1,CPFL-PAULISTA,6.00000000,4.00000000,0.40692164,0.39502998,2026-09-09,3545803,Santa Bárbara D'Oeste,SP,2
33050196000188,16461,2025,12,12,True,2.27839784,1.80981232,2.28000000,1.81000000,34459.75000000,1.01394085,Santa Barbara Doeste 1,CPFL-PAULISTA,6.00000000,4.00000000,0.37973297,0.45245308,2026-09-09,3501608,Americana,SP,2
33050196000188,16461,2025,12,12,True,2.27839784,1.80981232,2.28000000,1.81000000,34459.75000000,1.01394085,Santa Barbara Doeste 1,CPFL-PAULISTA,6.00000000,4.00000000,0.37973297,0.45245308,2026-09-09,3545803,Santa Bárbara D'Oeste,SP,2
33050196000188,16464,2022,12,12,True,7.21231720,5.66181530,7.21000000,5.65000000,24624.91666667,1.01725125,Valinhos 2-Figueira,CPFL-PAULISTA,6.00000000,6.00000000,1.20205287,0.94363588,2026-09-09,3509502,Campinas,SP,2
33050196000188,16464,2022,12,12,True,7.21231720,5.66181530,7.21000000,5.65000000,24624.91666667,1.01725125,Valinhos 2-Figueira,CPFL-PAULISTA,6.00000000,6.00000000,1.20205287,0.94363588,2026-09-09,3556206,Valinhos,SP,2
33050196000188,16464,2023,12,12,True,6.72441417,3.65735105,6.72000000,3.65000000,24736.25000000,1.07422176,Valinhos 2-Figueira,CPFL-PAULISTA,6.00000000,5.00000000,1.12073569,0.73147021,2026-09-09,3509502,Campinas,SP,2
33050196000188,16464,2023,12,12,True,6.72441417,3.65735105,6.72000000,3.65000000,24736.25000000,1.07422176,Valinhos 2-Figueira,CPFL-PAULISTA,6.00000000,5.00000000,1.12073569,0.73147021,2026-09-09,3556206,Valinhos,SP,2
33050196000188,16464,2024,12,12,True,5.16593601,3.28891111,5.16000000,3.29000000,23948.75000000,1.07319309,Valinhos 2-Figueira,CPFL-PAULISTA,6.00000000,5.00000000,0.86098933,0.65778222,2026-09-09,3509502,Campinas,SP,2
33050196000188,16464,2024,12,12,True,5.16593601,3.28891111,5.16000000,3.29000000,23948.75000000,1.07319309,Valinhos 2-Figueira,CPFL-PAULISTA,6.00000000,5.00000000,0.86098933,0.65778222,2026-09-09,3556206,Valinhos,SP,2
33050196000188,16464,2025,12,12,True,5.16531047,2.78781497,5.17000000,2.79000000,24457.33333333,1.01089773,Valinhos 2-Figueira,CPFL-PAULISTA,6.00000000,5.00000000,0.86088508,0.55756299,2026-09-09,3509502,Campinas,SP,2
33050196000188,16464,2025,12,12,True,5.16531047,2.78781497,5.17000000,2.79000000,24457.33333333,1.01089773,Valinhos 2-Figueira,CPFL-PAULISTA,6.00000000,5.00000000,0.86088508,0.55756299,2026-09-09,3556206,Valinhos,SP,2
52777034000190,16722,2022,12,12,True,10.61290390,7.35250056,10.59000000,7.33000000,16119.41666667,1.02672284,CEMIRIM,CEMIRIM,,,,,2026-09-09,3503802,Artur Nogueira,SP,13
52777034000190,16722,2022,12,12,True,10.61290390,7.35250056,10.59000000,7.33000000,16119.41666667,1.02672284,CEMIRIM,CEMIRIM,,,,,2026-09-09,3512803,Cosmópolis,SP,13
52777034000190,16722,2022,12,12,True,10.61290390,7.35250056,10.59000000,7.33000000,16119.41666667,1.02672284,CEMIRIM,CEMIRIM,,,,,2026-09-09,3515152,Engenheiro Coelho,SP,13
52777034000190,16722,2022,12,12,True,10.61290390,7.35250056,10.59000000,7.33000000,16119.41666667,1.02672284,CEMIRIM,CEMIRIM,,,,,2026-09-09,3519055,Holambra,SP,13
52777034000190,16722,2022,12,12,True,10.61290390,7.35250056,10.59000000,7.33000000,16119.41666667,1.02672284,CEMIRIM,CEMIRIM,,,,,2026-09-09,3524709,Jaguariúna,SP,13
52777034000190,16722,2022,12,12,True,10.61290390,7.35250056,10.59000000,7.33000000,16119.41666667,1.02672284,CEMIRIM,CEMIRIM,,,,,2026-09-09,3548005,Santo Antônio de Posse,SP,13
52777034000190,16722,2023,12,12,True,16.84839006,7.88018623,16.77000000,7.85000000,16592.25000000,1.03022331,CEMIRIM,CEMIRIM,,,,,2026-09-09,3503802,Artur Nogueira,SP,13
52777034000190,16722,2023,12,12,True,16.84839006,7.88018623,16.77000000,7.85000000,16592.25000000,1.03022331,CEMIRIM,CEMIRIM,,,,,2026-09-09,3512803,Cosmópolis,SP,13
52777034000190,16722,2023,12,12,True,16.84839006,7.88018623,16.77000000,7.85000000,16592.25000000,1.03022331,CEMIRIM,CEMIRIM,,,,,2026-09-09,3515152,Engenheiro Coelho,SP,13
52777034000190,16722,2023,12,12,True,16.84839006,7.88018623,16.77000000,7.85000000,16592.25000000,1.03022331,CEMIRIM,CEMIRIM,,,,,2026-09-09,3519055,Holambra,SP,13
52777034000190,16722,2023,12,12,True,16.84839006,7.88018623,16.77000000,7.85000000,16592.25000000,1.03022331,CEMIRIM,CEMIRIM,,,,,2026-09-09,3524709,Jaguariúna,SP,13
52777034000190,16722,2023,12,12,True,16.84839006,7.88018623,16.77000000,7.85000000,16592.25000000,1.03022331,CEMIRIM,CEMIRIM,,,,,2026-09-09,3548005,Santo Antônio de Posse,SP,13
52777034000190,16722,2024,12,12,True,7.99143424,4.66741663,7.98000000,4.67000000,17152.00000000,1.03069993,CEMIRIM,CEMIRIM,10.00000000,9.00000000,0.79914342,0.51860185,2026-09-09,3503802,Artur Nogueira,SP,13
52777034000190,16722,2024,12,12,True,7.99143424,4.66741663,7.98000000,4.67000000,17152.00000000,1.03069993,CEMIRIM,CEMIRIM,10.00000000,9.00000000,0.79914342,0.51860185,2026-09-09,3512803,Cosmópolis,SP,13
52777034000190,16722,2024,12,12,True,7.99143424,4.66741663,7.98000000,4.67000000,17152.00000000,1.03069993,CEMIRIM,CEMIRIM,10.00000000,9.00000000,0.79914342,0.51860185,2026-09-09,3515152,Engenheiro Coelho,SP,13
52777034000190,16722,2024,12,12,True,7.99143424,4.66741663,7.98000000,4.67000000,17152.00000000,1.03069993,CEMIRIM,CEMIRIM,10.00000000,9.00000000,0.79914342,0.51860185,2026-09-09,3519055,Holambra,SP,13
52777034000190,16722,2024,12,12,True,7.99143424,4.66741663,7.98000000,4.67000000,17152.00000000,1.03069993,CEMIRIM,CEMIRIM,10.00000000,9.00000000,0.79914342,0.51860185,2026-09-09,3524709,Jaguariúna,SP,13
52777034000190,16722,2024,12,12,True,7.99143424,4.66741663,7.98000000,4.67000000,17152.00000000,1.03069993,CEMIRIM,CEMIRIM,10.00000000,9.00000000,0.79914342,0.51860185,2026-09-09,3548005,Santo Antônio de Posse,SP,13
52777034000190,16722,2025,12,12,True,7.79271114,4.70975230,7.80000000,4.71000000,17692.75000000,1.02990643,CEMIRIM,CEMIRIM,10.00000000,9.00000000,0.77927111,0.52330581,2026-09-09,3503802,Artur Nogueira,SP,13
52777034000190,16722,2025,12,12,True,7.79271114,4.70975230,7.80000000,4.71000000,17692.75000000,1.02990643,CEMIRIM,CEMIRIM,10.00000000,9.00000000,0.77927111,0.52330581,2026-09-09,3512803,Cosmópolis,SP,13
52777034000190,16722,2025,12,12,True,7.79271114,4.70975230,7.80000000,4.71000000,17692.75000000,1.02990643,CEMIRIM,CEMIRIM,10.00000000,9.00000000,0.77927111,0.52330581,2026-09-09,3515152,Engenheiro Coelho,SP,13
52777034000190,16722,2025,12,12,True,7.79271114,4.70975230,7.80000000,4.71000000,17692.75000000,1.02990643,CEMIRIM,CEMIRIM,10.00000000,9.00000000,0.77927111,0.52330581,2026-09-09,3519055,Holambra,SP,13
52777034000190,16722,2025,12,12,True,7.79271114,4.70975230,7.80000000,4.71000000,17692.75000000,1.02990643,CEMIRIM,CEMIRIM,10.00000000,9.00000000,0.77927111,0.52330581,2026-09-09,3524709,Jaguariúna,SP,13
52777034000190,16722,2025,12,12,True,7.79271114,4.70975230,7.80000000,4.71000000,17692.75000000,1.02990643,CEMIRIM,CEMIRIM,10.00000000,9.00000000,0.77927111,0.52330581,2026-09-09,3548005,Santo Antônio de Posse,SP,13
53859112000169,2922,2022,12,12,True,4.82813712,3.04011552,4.83000000,3.04000000,26574.50000000,1.02922301,JAGUARIUNA,CPFL JAGUARI,7.00000000,6.00000000,0.68973387,0.50668592,2026-09-09,3524709,Jaguariúna,SP,1
53859112000169,2922,2023,12,12,True,3.81799826,2.33414260,3.82000000,2.34000000,27264.66666667,1.02142884,JAGUARIUNA,CPFL JAGUARI,6.00000000,6.00000000,0.63633304,0.38902377,2026-09-09,3524709,Jaguariúna,SP,1
53859112000169,2922,2024,12,12,True,3.54206348,2.49745644,3.55000000,2.50000000,27918.83333333,1.03125114,JAGUARIUNA,CPFL JAGUARI,6.00000000,5.00000000,0.59034391,0.49949129,2026-09-09,3524709,Jaguariúna,SP,1
53859112000169,2922,2025,12,12,True,4.66976551,2.92660676,4.67000000,2.93000000,28718.58333333,1.02489787,JAGUARIUNA,CPFL JAGUARI,6.00000000,5.00000000,0.77829425,0.58532135,2026-09-09,3524709,Jaguariúna,SP,1
53859112000169,964,2022,12,12,True,4.74919878,2.39875415,4.75000000,2.40000000,19849.91666667,1.01028838,PEDREIRA,CPFL JAGUARI,7.00000000,6.00000000,0.67845697,0.39979236,2026-09-09,3537107,Pedreira,SP,1
53859112000169,964,2023,12,12,True,6.73419560,3.83369967,6.73000000,3.83000000,20019.58333333,1.01045226,PEDREIRA,CPFL JAGUARI,6.00000000,6.00000000,1.12236593,0.63894994,2026-09-09,3537107,Pedreira,SP,1
53859112000169,964,2024,12,12,True,4.67070201,2.63358544,4.67000000,2.63000000,20163.50000000,1.01368768,PEDREIRA,CPFL JAGUARI,6.00000000,5.00000000,0.77845034,0.52671709,2026-09-09,3537107,Pedreira,SP,1
53859112000169,964,2025,12,12,True,7.32416956,3.86526210,7.33000000,3.87000000,20388.25000000,1.01197162,PEDREIRA,CPFL JAGUARI,6.00000000,5.00000000,1.22069493,0.77305242,2026-09-09,3537107,Pedreira,SP,1
