year,scenario,n,rho,loo_min,loo_max
2022,todos_conjuntos_renda_media,20,-0.06092516,-0.15357614,0.01754386
2022,todos_conjuntos_renda_mediana,20,-0.14178015,-0.23239518,-0.04223513
2022,somente_conjuntos_exclusivos,7,-0.28571429,-0.54285714,-0.02857143
2022,soma_mensal_sem_ajuste,20,-0.06092516,-0.15357614,0.01754386
2022,fec_renda_media,20,0.07446409,-0.00087758,0.16491228
2022,baixa_renda_dec,20,0.03234299,-0.06406319,0.20447567
2022,baixa_renda_fec,20,0.04437759,-0.03422554,0.21851691
2022,baixa_renda_exclusivos,7,0.14285714,-0.14285714,0.37142857
2023,todos_conjuntos_renda_media,20,-0.04439429,-0.12379285,0.03510312
2023,todos_conjuntos_renda_mediana,20,-0.13919301,-0.22501155,-0.04269381
2023,somente_conjuntos_exclusivos,7,-0.03571429,-0.65714286,0.14285714
2023,soma_mensal_sem_ajuste,20,-0.04439429,-0.12379285,0.03510312
2023,fec_renda_media,20,0.07148234,-0.01140851,0.15891139
2023,baixa_renda_dec,20,-0.04815652,-0.14831068,0.11062340
2023,baixa_renda_fec,20,-0.14145978,-0.24758570,0.00175593
2023,baixa_renda_exclusivos,7,-0.28571429,-0.71428571,0.14285714
2024,todos_conjuntos_renda_media,20,0.03083866,-0.05528741,0.12280702
2024,todos_conjuntos_renda_mediana,20,-0.05052803,-0.13116243,0.06423260
2024,somente_conjuntos_exclusivos,7,0.42857143,0.08571429,0.60000000
2024,soma_mensal_sem_ajuste,20,0.04287326,-0.04124616,0.13684211
2024,fec_renda_media,20,0.09330326,-0.01755927,0.19043442
2024,baixa_renda_dec,20,-0.14516737,-0.26064066,-0.00263273
2024,baixa_renda_fec,20,-0.21444701,-0.34240575,-0.08340653
2024,baixa_renda_exclusivos,7,-0.60714286,-0.94285714,-0.37142857
2025,todos_conjuntos_renda_media,20,-0.28528505,-0.36476125,-0.19683686
2025,todos_conjuntos_renda_mediana,20,-0.33711713,-0.42819304,-0.25561944
2025,somente_conjuntos_exclusivos,7,-0.39285714,-0.71428571,-0.25714286
2025,soma_mensal_sem_ajuste,20,-0.28528505,-0.36476125,-0.19683686
2025,fec_renda_media,20,-0.27773783,-0.36203922,-0.18980697
2025,baixa_renda_dec,20,0.00075472,-0.10396577,0.13356787
2025,baixa_renda_fec,20,0.12452919,0.03524263,0.27768057
2025,baixa_renda_exclusivos,7,0.03571429,-0.37142857,0.25714286
